filename,true_label,predicted_label,confidence,prob_aspirated ,prob_plain,prob_tense,correct
sample_0,aspirated ,aspirated ,0.9997019,0.9997019,4.842961e-06,0.0002932098,True
sample_1,plain,plain,0.99977297,2.8199606e-06,0.99977297,0.00022416745,True
sample_2,tense,tense,0.98808426,0.004569099,0.0073466813,0.98808426,True
sample_3,plain,plain,0.9886902,0.00012796358,0.9886902,0.011181797,True
sample_4,tense,tense,0.99540293,0.00055464625,0.0040424657,0.99540293,True
sample_5,aspirated ,aspirated ,0.999887,0.999887,3.0235591e-05,8.26825e-05,True
sample_6,aspirated ,aspirated ,0.99989307,0.99989307,7.0512255e-07,0.00010619754,True
sample_7,aspirated ,aspirated ,0.9998853,0.9998853,5.0623268e-05,6.401383e-05,True
sample_8,plain,plain,0.99976724,2.2723636e-06,0.99976724,0.00023049125,True
sample_9,plain,plain,0.99955076,8.826552e-06,0.99955076,0.00044035545,True
sample_10,plain,plain,0.7278091,0.00013444437,0.7278091,0.2720565,True
sample_11,plain,plain,0.9997645,1.3275873e-06,0.9997645,0.00023424874,True
sample_12,tense,tense,0.99940264,0.00032574876,0.00027158856,0.99940264,True
sample_13,plain,plain,0.66061425,6.445472e-05,0.66061425,0.33932132,True
sample_14,plain,plain,0.668363,0.000100547426,0.668363,0.33153644,True
sample_15,aspirated ,aspirated ,0.99970585,0.99970585,0.00017202791,0.00012212923,True
sample_16,plain,plain,0.99980444,2.1464036e-06,0.99980444,0.00019341071,True
sample_17,aspirated ,aspirated ,0.9999161,0.9999161,1.5646194e-05,6.8341855e-05,True
sample_18,tense,tense,0.9915945,0.0002861128,0.008119319,0.9915945,True
sample_19,aspirated ,aspirated ,0.999798,0.999798,1.02489585e-05,0.00019181287,True
sample_20,plain,plain,0.97719836,0.00011396638,0.97719836,0.022687705,True
sample_21,plain,plain,0.9973247,2.4699173e-05,0.9973247,0.0026505624,True
sample_22,plain,plain,0.9999019,1.0408831e-06,0.9999019,9.700609e-05,True
sample_23,plain,plain,0.98333836,0.00020824658,0.98333836,0.016453415,True
sample_24,aspirated ,aspirated ,0.9999027,0.9999027,3.3229047e-05,6.39499e-05,True
sample_25,tense,tense,0.9929367,0.0016270948,0.0054362067,0.9929367,True
sample_26,aspirated ,aspirated ,0.9997371,0.9997371,2.650797e-06,0.00026025198,True
sample_27,tense,tense,0.993163,0.0027925265,0.0040444485,0.993163,True
sample_28,aspirated ,aspirated ,0.99991,0.99991,1.3219413e-05,7.6739045e-05,True
sample_29,plain,plain,0.9783507,3.9667568e-05,0.9783507,0.021609627,True
sample_30,aspirated ,aspirated ,0.9999707,0.9999707,1.0074401e-05,1.919956e-05,True
sample_31,plain,plain,0.90419346,8.5643565e-05,0.90419346,0.09572081,True
sample_32,aspirated ,aspirated ,0.9998381,0.9998381,4.4635675e-05,0.000117342126,True
sample_33,tense,tense,0.9872542,0.0012606134,0.011485205,0.9872542,True
sample_34,tense,tense,0.98032445,0.0010093884,0.01866611,0.98032445,True
sample_35,tense,tense,0.94199586,0.00025544487,0.05774868,0.94199586,True
sample_36,plain,plain,0.9993468,3.2436965e-06,0.9993468,0.0006500148,True
sample_37,tense,plain,0.7781601,0.00015497078,0.7781601,0.22168483,False
sample_38,aspirated ,aspirated ,0.9999789,0.9999789,4.1878793e-06,1.697719e-05,True
sample_39,plain,plain,0.9999391,9.921043e-07,0.9999391,5.9927857e-05,True
sample_40,aspirated ,aspirated ,0.9999845,0.9999845,7.0128017e-06,8.412265e-06,True
sample_41,tense,tense,0.99748456,0.00086920743,0.0016461932,0.99748456,True
sample_42,plain,tense,0.78967243,0.00022308968,0.21010445,0.78967243,False
sample_43,plain,plain,0.9996418,2.8955699e-06,0.9996418,0.00035535326,True
sample_44,tense,tense,0.9971608,0.0019423591,0.0008968269,0.9971608,True
sample_45,tense,tense,0.8375335,9.64993e-05,0.16237003,0.8375335,True
sample_46,tense,tense,0.9970912,0.0012671369,0.0016417038,0.9970912,True
sample_47,tense,tense,0.99855095,0.000572717,0.0008763384,0.99855095,True
sample_48,plain,plain,0.99981636,1.554433e-06,0.99981636,0.0001821392,True
sample_49,plain,plain,0.9995448,3.1767006e-06,0.9995448,0.00045201075,True
sample_50,tense,tense,0.99866676,0.0006434366,0.0006897568,0.99866676,True
sample_51,aspirated ,aspirated ,0.9924736,0.9924736,7.014654e-05,0.0074562337,True
sample_52,aspirated ,aspirated ,0.99987805,0.99987805,8.980508e-05,3.221967e-05,True
sample_53,plain,plain,0.71000284,0.00013331101,0.71000284,0.28986385,True
sample_54,tense,tense,0.747951,0.00014117772,0.25190786,0.747951,True
sample_55,tense,tense,0.9960472,0.0021280204,0.0018248156,0.9960472,True
sample_56,tense,tense,0.97556394,0.017484417,0.006951592,0.97556394,True
sample_57,aspirated ,aspirated ,0.9999778,0.9999778,1.7794919e-06,2.0326748e-05,True
sample_58,tense,tense,0.96488523,5.6313143e-05,0.03505848,0.96488523,True
sample_59,plain,plain,0.9998079,9.340418e-07,0.9998079,0.00019118324,True
sample_60,tense,tense,0.99565107,0.0004743186,0.0038746165,0.99565107,True
sample_61,tense,plain,0.5262838,7.577604e-05,0.5262838,0.4736404,False
sample_62,tense,tense,0.9763157,0.0001738722,0.02351044,0.9763157,True
sample_63,plain,plain,0.9952695,3.633541e-06,0.9952695,0.0047267834,True
sample_64,tense,tense,0.99046564,0.005290307,0.004244084,0.99046564,True
sample_65,aspirated ,aspirated ,0.9999124,0.9999124,6.6581015e-05,2.09557e-05,True
sample_66,plain,plain,0.99680614,9.76387e-06,0.99680614,0.0031841185,True
sample_67,tense,tense,0.9841813,0.0004457253,0.015373031,0.9841813,True
sample_68,plain,plain,0.99632156,1.4196354e-05,0.99632156,0.0036642258,True
sample_69,plain,plain,0.9998159,9.205298e-07,0.9998159,0.0001832161,True
sample_70,aspirated ,aspirated ,0.9968548,0.9968548,0.0030528503,9.2349124e-05,True
sample_71,tense,plain,0.59113586,9.697765e-05,0.59113586,0.40876722,False
sample_72,tense,tense,0.99447894,0.0011731718,0.00434792,0.99447894,True
sample_73,tense,tense,0.58695406,0.00010058376,0.41294536,0.58695406,True
sample_74,plain,plain,0.9989893,7.85768e-06,0.9989893,0.0010028862,True
sample_75,aspirated ,aspirated ,0.9999864,0.9999864,1.9198133e-06,1.1706895e-05,True
sample_76,plain,tense,0.52255857,0.0004925903,0.4769488,0.52255857,False
sample_77,tense,tense,0.9470225,0.0013224122,0.05165509,0.9470225,True
sample_78,plain,plain,0.99835086,1.9171825e-05,0.99835086,0.0016300093,True
sample_79,aspirated ,aspirated ,0.9996418,0.9996418,0.00015407294,0.00020419116,True
sample_80,tense,tense,0.5892981,0.000110426496,0.41059145,0.5892981,True
sample_81,plain,plain,0.8413354,8.144064e-05,0.8413354,0.15858313,True
sample_82,tense,tense,0.9976277,0.00045090102,0.0019214569,0.9976277,True
sample_83,tense,tense,0.99564976,0.0013525572,0.0029976547,0.99564976,True
sample_84,aspirated ,aspirated ,0.9958215,0.9958215,4.0297182e-05,0.0041382657,True
sample_85,aspirated ,aspirated ,0.9997968,0.9997968,3.30525e-05,0.00017018586,True
sample_86,plain,plain,0.9724459,4.2061652e-05,0.9724459,0.027512046,True
sample_87,tense,plain,0.7205041,0.00014093121,0.7205041,0.279355,False
sample_88,aspirated ,aspirated ,0.9994161,0.9994161,0.0005496131,3.4347227e-05,True
sample_89,plain,tense,0.9032471,0.00014839471,0.09660443,0.9032471,False
sample_90,aspirated ,aspirated ,0.9997638,0.9997638,0.00020953218,2.6697802e-05,True
sample_91,plain,plain,0.690585,6.389163e-05,0.690585,0.30935106,True
sample_92,tense,tense,0.9882074,0.00038740353,0.011405218,0.9882074,True
sample_93,aspirated ,aspirated ,0.99990034,0.99990034,8.3155766e-07,9.875745e-05,True
sample_94,tense,tense,0.99804354,0.00017813678,0.0017782685,0.99804354,True
sample_95,aspirated ,aspirated ,0.9999118,0.9999118,4.9046987e-05,3.9189945e-05,True
sample_96,aspirated ,tense,0.90348226,0.014541593,0.081976086,0.90348226,False
sample_97,aspirated ,aspirated ,0.9981875,0.9981875,8.638126e-06,0.0018037859,True
sample_98,tense,tense,0.99270356,0.00555899,0.001737495,0.99270356,True
sample_99,plain,tense,0.9604631,0.00026253203,0.03927441,0.9604631,False
sample_100,plain,plain,0.9996271,2.1795183e-06,0.9996271,0.0003707355,True
sample_101,plain,plain,0.9996099,2.1616841e-05,0.9996099,0.00036851157,True
sample_102,plain,plain,0.99882525,4.0767122e-06,0.99882525,0.0011706663,True
sample_103,tense,plain,0.87790126,5.636793e-05,0.87790126,0.122042336,False
sample_104,tense,tense,0.9979373,0.00030779873,0.0017549095,0.9979373,True
sample_105,aspirated ,aspirated ,0.9999348,0.9999348,4.016276e-05,2.5044923e-05,True
sample_106,plain,plain,0.8664931,0.000114871946,0.8664931,0.13339208,True
sample_107,tense,tense,0.9253675,0.073566474,0.0010660674,0.9253675,True
sample_108,plain,plain,0.9991165,6.3754646e-06,0.9991165,0.00087704713,True
sample_109,plain,plain,0.99943763,2.2120496e-06,0.99943763,0.00056011527,True
sample_110,plain,plain,0.99973124,1.1144742e-05,0.99973124,0.00025754786,True
sample_111,tense,tense,0.95153826,0.0004253856,0.04803636,0.95153826,True
sample_112,plain,plain,0.99973553,1.3435152e-06,0.99973553,0.00026318076,True
sample_113,plain,plain,0.9730539,6.498288e-05,0.9730539,0.026881184,True
sample_114,plain,plain,0.8124236,6.353378e-05,0.8124236,0.18751287,True
sample_115,aspirated ,aspirated ,0.9998964,0.9998964,4.7683527e-05,5.589009e-05,True
sample_116,aspirated ,aspirated ,0.99991584,0.99991584,2.0045361e-05,6.416131e-05,True
sample_117,plain,plain,0.9995571,3.668378e-06,0.9995571,0.0004392329,True
sample_118,aspirated ,aspirated ,0.9995852,0.9995852,2.3838365e-06,0.0004124376,True
sample_119,aspirated ,aspirated ,0.99985576,0.99985576,1.1421448e-05,0.00013274161,True
sample_120,plain,tense,0.65963745,0.000109396904,0.34025317,0.65963745,False
sample_121,plain,plain,0.85349315,7.2960465e-05,0.85349315,0.14643389,True
sample_122,tense,tense,0.9947296,0.00039864646,0.004871835,0.9947296,True
sample_123,plain,plain,0.9996996,4.1296457e-06,0.9996996,0.00029629414,True
sample_124,tense,tense,0.9944067,0.0026955127,0.002897778,0.9944067,True
sample_125,plain,plain,0.9991411,1.2738464e-05,0.9991411,0.00084609434,True
sample_126,plain,plain,0.99766254,2.4190955e-05,0.99766254,0.0023132924,True
sample_127,tense,tense,0.9968071,0.00037596936,0.0028169255,0.9968071,True
sample_128,aspirated ,aspirated ,0.9999343,0.9999343,1.2507148e-05,5.3143136e-05,True
sample_129,plain,plain,0.9992077,6.5434488e-06,0.9992077,0.00078583305,True
sample_130,tense,plain,0.57542866,0.001569011,0.57542866,0.42300233,False
sample_131,aspirated ,aspirated ,0.9999343,0.9999343,4.5538174e-05,2.018281e-05,True
sample_132,plain,plain,0.99749494,3.133726e-05,0.99749494,0.0024737078,True
sample_133,plain,plain,0.9999032,2.4079227e-06,0.9999032,9.441197e-05,True
sample_134,aspirated ,aspirated ,0.9986437,0.9986437,0.00020627082,0.0011499788,True
sample_135,tense,tense,0.9302612,0.0004062648,0.06933255,0.9302612,True
sample_136,plain,plain,0.99981064,6.285837e-06,0.99981064,0.00018308293,True
sample_137,tense,tense,0.9962219,0.0005177556,0.0032603433,0.9962219,True
sample_138,tense,tense,0.9970926,0.00043251418,0.0024748428,0.9970926,True
sample_139,plain,tense,0.6335043,0.00033267625,0.366163,0.6335043,False
sample_140,tense,tense,0.997221,0.0004432393,0.0023357181,0.997221,True
sample_141,plain,plain,0.9998658,1.8173315e-06,0.9998658,0.00013247065,True
sample_142,aspirated ,aspirated ,0.9999248,0.9999248,3.0130632e-05,4.5055865e-05,True
sample_143,tense,plain,0.6437851,6.7072135e-05,0.6437851,0.35614777,False
sample_144,aspirated ,aspirated ,0.9999671,0.9999671,3.0984609e-06,2.98072e-05,True
sample_145,plain,tense,0.9829113,0.0012624845,0.015826203,0.9829113,False
sample_146,aspirated ,aspirated ,0.9999583,0.9999583,2.0285104e-05,2.1439708e-05,True
sample_147,aspirated ,aspirated ,0.9999933,0.9999933,5.925232e-07,6.115247e-06,True
sample_148,tense,plain,0.6812833,0.00015227856,0.6812833,0.31856441,False
sample_149,aspirated ,aspirated ,0.9945774,0.9945774,0.00534445,7.817508e-05,True
sample_150,aspirated ,aspirated ,0.999982,0.999982,1.6639992e-06,1.6301885e-05,True
sample_151,plain,plain,0.957338,9.232319e-05,0.957338,0.04256973,True
sample_152,tense,tense,0.99844426,0.000746619,0.0008090889,0.99844426,True
sample_153,aspirated ,aspirated ,0.99999547,0.99999547,1.5674163e-06,2.9899504e-06,True
sample_154,plain,plain,0.99986374,7.8660696e-07,0.99986374,0.0001353822,True
sample_155,tense,plain,0.73689574,7.48565e-05,0.73689574,0.26302943,False
sample_156,plain,plain,0.8811735,0.00012207356,0.8811735,0.11870445,True
sample_157,aspirated ,aspirated ,0.99987984,0.99987984,3.017907e-06,0.00011721225,True
sample_158,aspirated ,aspirated ,0.9999486,0.9999486,1.9278941e-06,4.9471073e-05,True
sample_159,tense,plain,0.84134007,0.00010684657,0.84134007,0.15855317,False
sample_160,aspirated ,aspirated ,0.9991235,0.9991235,1.6872658e-05,0.0008595894,True
sample_161,aspirated ,aspirated ,0.9999678,0.9999678,1.5075708e-06,3.0589832e-05,True
sample_162,plain,plain,0.8126633,0.00057633844,0.8126633,0.18676034,True
sample_163,plain,plain,0.9995919,3.484173e-06,0.9995919,0.00040465672,True
sample_164,plain,plain,0.99952996,1.2747408e-05,0.99952996,0.00045734696,True
sample_165,plain,plain,0.99991906,3.9101e-07,0.99991906,8.054375e-05,True
sample_166,aspirated ,aspirated ,0.99993396,0.99993396,1.3226414e-05,5.2857693e-05,True
sample_167,plain,plain,0.9837716,4.2169122e-05,0.9837716,0.016186167,True
sample_168,tense,plain,0.5267607,0.00015812535,0.5267607,0.47308117,False
sample_169,aspirated ,aspirated ,0.9999534,0.9999534,1.0699159e-06,4.553774e-05,True
sample_170,tense,tense,0.9975198,0.0014085842,0.0010716082,0.9975198,True
sample_171,tense,tense,0.9455558,0.00026696007,0.054177273,0.9455558,True
sample_172,plain,plain,0.9998337,1.4725362e-06,0.9998337,0.00016484201,True
sample_173,tense,tense,0.98539966,0.0065254476,0.008074872,0.98539966,True
sample_174,aspirated ,aspirated ,0.99998474,0.99998474,3.7820394e-07,1.4902732e-05,True
sample_175,plain,plain,0.8920496,9.829413e-05,0.8920496,0.10785209,True
sample_176,aspirated ,aspirated ,0.99861705,0.99861705,0.0013160717,6.684376e-05,True
sample_177,tense,tense,0.9965056,0.0002415029,0.003252845,0.9965056,True
sample_178,aspirated ,aspirated ,0.9999721,0.9999721,1.47355695e-05,1.3078294e-05,True
sample_179,aspirated ,aspirated ,0.9999815,0.9999815,5.889434e-07,1.7827217e-05,True
sample_180,aspirated ,aspirated ,0.9996946,0.9996946,7.953349e-05,0.00022594258,True
sample_181,aspirated ,aspirated ,0.9998553,0.9998553,0.00011173088,3.2970023e-05,True
sample_182,plain,plain,0.99988496,2.1482927e-06,0.99988496,0.0001128689,True
sample_183,plain,plain,0.6576282,0.00015133922,0.6576282,0.34222046,True
sample_184,tense,tense,0.99477696,0.0042449865,0.0009779911,0.99477696,True
sample_185,plain,plain,0.9736814,3.0087795e-05,0.9736814,0.026288487,True
sample_186,tense,tense,0.99602085,0.0020571062,0.001922085,0.99602085,True
sample_187,aspirated ,aspirated ,0.9994653,0.9994653,3.9055626e-06,0.00053081295,True
sample_188,plain,plain,0.99959904,4.0499203e-06,0.99959904,0.00039693082,True
sample_189,tense,tense,0.9339109,0.00019994713,0.065889135,0.9339109,True
sample_190,tense,tense,0.95203125,0.0014882816,0.046480507,0.95203125,True
sample_191,plain,plain,0.9608449,6.856365e-05,0.9608449,0.039086517,True
sample_192,tense,tense,0.99715567,0.0023450607,0.00049926294,0.99715567,True
sample_193,tense,tense,0.9869915,0.00024324359,0.012765238,0.9869915,True
sample_194,aspirated ,aspirated ,0.99975973,0.99975973,2.2573106e-05,0.00021775306,True
sample_195,tense,plain,0.73273945,5.7031033e-05,0.73273945,0.26720354,False
sample_196,tense,tense,0.99077296,0.0010278731,0.0081992075,0.99077296,True
sample_197,aspirated ,aspirated ,0.9998217,0.9998217,4.86379e-05,0.0001297127,True
sample_198,aspirated ,aspirated ,0.99992645,0.99992645,4.482748e-06,6.904082e-05,True
sample_199,aspirated ,aspirated ,0.9996984,0.9996984,0.00025178088,4.9843275e-05,True
sample_200,plain,plain,0.63671094,0.00010900461,0.63671094,0.3631801,True
sample_201,tense,tense,0.968884,7.331683e-05,0.031042667,0.968884,True
sample_202,plain,plain,0.9992513,4.662035e-06,0.9992513,0.0007439811,True
sample_203,tense,tense,0.9976173,0.00015568099,0.0022269457,0.9976173,True
sample_204,plain,plain,0.9998266,3.2561663e-06,0.9998266,0.00017024108,True
sample_205,plain,plain,0.99974865,1.7846713e-06,0.99974865,0.00024960784,True
sample_206,tense,tense,0.99868876,0.00076556887,0.0005457069,0.99868876,True
sample_207,aspirated ,aspirated ,0.999708,0.999708,8.77322e-06,0.0002831219,True
sample_208,plain,plain,0.5905801,0.0005297034,0.5905801,0.40889016,True
sample_209,tense,plain,0.91696745,0.00019148037,0.91696745,0.08284106,False
sample_210,tense,tense,0.81749976,9.3990406e-05,0.18240626,0.81749976,True
sample_211,aspirated ,aspirated ,0.9985884,0.9985884,4.450877e-05,0.0013671197,True
sample_212,plain,plain,0.9908845,0.00023258764,0.9908845,0.008882926,True
sample_213,tense,plain,0.9040108,2.0814088e-05,0.9040108,0.09596846,False
sample_214,aspirated ,aspirated ,0.9998524,0.9998524,4.6940142e-05,0.000100579804,True
sample_215,aspirated ,aspirated ,0.99998796,0.99998796,9.341035e-06,2.770112e-06,True
sample_216,aspirated ,aspirated ,0.9999361,0.9999361,2.2606237e-05,4.1192954e-05,True
sample_217,tense,tense,0.988379,0.00068174733,0.010939257,0.988379,True
sample_218,plain,plain,0.8926596,0.00013999379,0.8926596,0.10720037,True
sample_219,plain,plain,0.9998171,3.2581807e-05,0.9998171,0.00015038157,True
sample_220,plain,plain,0.9998648,8.753584e-06,0.9998648,0.00012643103,True
sample_221,tense,tense,0.9942556,0.0019698702,0.0037745421,0.9942556,True
sample_222,tense,tense,0.9798064,0.00021495909,0.019978581,0.9798064,True
sample_223,aspirated ,aspirated ,0.9999988,0.9999988,2.0440253e-07,1.0093797e-06,True
sample_224,aspirated ,aspirated ,0.99744046,0.99744046,3.7288917e-06,0.0025558032,True
sample_225,tense,tense,0.5044804,0.00021103251,0.49530858,0.5044804,True
sample_226,tense,tense,0.9277662,0.00024602716,0.071987785,0.9277662,True
sample_227,aspirated ,aspirated ,0.99999225,0.99999225,1.6885999e-06,6.138595e-06,True
sample_228,tense,tense,0.9942483,6.987742e-05,0.0056818044,0.9942483,True
sample_229,plain,plain,0.9996319,6.6165608e-06,0.9996319,0.0003614577,True
sample_230,plain,plain,0.99986863,1.6625751e-06,0.99986863,0.00012970246,True
sample_231,plain,plain,0.99963677,3.4196291e-06,0.99963677,0.00035971907,True
sample_232,aspirated ,aspirated ,0.9999119,0.9999119,2.5048172e-05,6.310058e-05,True
sample_233,plain,plain,0.9991744,8.070594e-06,0.9991744,0.00081744895,True
sample_234,plain,plain,0.98830086,0.00041179397,0.98830086,0.011287336,True
sample_235,aspirated ,aspirated ,0.99983525,0.99983525,8.761564e-05,7.717157e-05,True
sample_236,tense,tense,0.99870884,0.0004125451,0.0008785566,0.99870884,True
sample_237,plain,plain,0.99988794,9.571631e-06,0.99988794,0.000102482045,True
sample_238,plain,aspirated ,0.99658114,0.99658114,0.0024859286,0.00093298766,False
sample_239,tense,tense,0.9936779,0.0024798368,0.003842202,0.9936779,True
sample_240,aspirated ,aspirated ,0.9999931,0.9999931,2.6545115e-06,4.284927e-06,True
sample_241,tense,tense,0.9929765,0.00030411195,0.0067193625,0.9929765,True
sample_242,plain,plain,0.9975351,1.48442805e-05,0.9975351,0.00244999,True
sample_243,aspirated ,aspirated ,0.9989895,0.9989895,2.9448878e-05,0.0009810969,True
sample_244,plain,tense,0.7019949,0.00084652076,0.29715857,0.7019949,False
sample_245,plain,plain,0.99973184,1.2306606e-05,0.99973184,0.00025584712,True
sample_246,plain,plain,0.99967957,1.4602191e-06,0.99967957,0.0003190294,True
sample_247,aspirated ,aspirated ,0.99998903,0.99998903,3.491396e-06,7.515203e-06,True
sample_248,aspirated ,aspirated ,0.99997425,0.99997425,8.105972e-07,2.4879031e-05,True
sample_249,plain,plain,0.785249,5.646698e-05,0.785249,0.21469453,True
sample_250,plain,plain,0.9996562,1.2770964e-06,0.9996562,0.00034243282,True
sample_251,plain,plain,0.9996809,1.5738566e-05,0.9996809,0.00030343203,True
sample_252,plain,plain,0.99932694,4.703851e-06,0.99932694,0.0006684007,True
sample_253,aspirated ,aspirated ,0.99986815,0.99986815,2.1467687e-05,0.000110412904,True
sample_254,tense,tense,0.58751124,0.00031776624,0.41217095,0.58751124,True
sample_255,tense,tense,0.72250485,7.250517e-05,0.27742264,0.72250485,True
sample_256,tense,tense,0.9891558,0.00010836371,0.010735854,0.9891558,True
sample_257,aspirated ,aspirated ,0.9999454,0.9999454,1.4510368e-05,4.008967e-05,True
sample_258,tense,tense,0.99648076,0.001122788,0.0023964737,0.99648076,True
sample_259,aspirated ,aspirated ,0.99822336,0.99822336,1.6908012e-05,0.0017597043,True
sample_260,aspirated ,aspirated ,0.9999492,0.9999492,1.1813681e-06,4.9621547e-05,True
sample_261,tense,plain,0.65819573,0.00031743007,0.65819573,0.34148678,False
sample_262,plain,plain,0.9421131,0.008859563,0.9421131,0.049027357,True
sample_263,tense,plain,0.7987498,7.72917e-05,0.7987498,0.2011729,False
sample_264,tense,tense,0.97691786,0.00040613418,0.022676056,0.97691786,True
sample_265,aspirated ,aspirated ,0.9972583,0.9972583,0.0014913477,0.0012503017,True
sample_266,plain,plain,0.9981974,4.4531716e-05,0.9981974,0.001758169,True
sample_267,aspirated ,aspirated ,0.99999285,0.99999285,2.2667246e-06,4.8870656e-06,True
sample_268,tense,tense,0.9120014,0.000755637,0.08724296,0.9120014,True
sample_269,aspirated ,aspirated ,0.999838,0.999838,6.0684624e-06,0.00015594557,True
sample_270,plain,plain,0.9999002,1.6960748e-06,0.9999002,9.805752e-05,True
sample_271,plain,plain,0.998125,0.00016786167,0.998125,0.0017070987,True
sample_272,aspirated ,aspirated ,0.99912184,0.99912184,0.0006556567,0.00022247765,True
sample_273,plain,plain,0.99953306,2.7839042e-06,0.99953306,0.00046426823,True
sample_274,plain,plain,0.99983966,1.753132e-06,0.99983966,0.00015854626,True
sample_275,aspirated ,aspirated ,0.99989986,0.99989986,7.1183254e-05,2.8932878e-05,True
sample_276,tense,tense,0.99864966,0.00045630883,0.00089403323,0.99864966,True
sample_277,plain,plain,0.99811804,8.260066e-06,0.99811804,0.001873776,True
sample_278,aspirated ,aspirated ,0.9994636,0.9994636,7.868867e-06,0.00052857655,True
sample_279,aspirated ,aspirated ,0.9998185,0.9998185,9.52561e-06,0.00017200004,True
sample_280,plain,plain,0.99992967,3.2273516e-07,0.99992967,6.996309e-05,True
sample_281,aspirated ,aspirated ,0.9999844,0.9999844,2.200745e-06,1.3444015e-05,True
sample_282,tense,tense,0.98407054,0.0009508172,0.014978632,0.98407054,True
sample_283,aspirated ,aspirated ,0.99760145,0.99760145,2.7934202e-05,0.0023706693,True
sample_284,tense,tense,0.9976579,0.0018336537,0.0005084569,0.9976579,True
sample_285,plain,plain,0.9993766,1.0378219e-05,0.9993766,0.000613028,True
sample_286,plain,plain,0.9944536,0.00022228832,0.9944536,0.0053241597,True
sample_287,aspirated ,aspirated ,0.999936,0.999936,4.163327e-05,2.2447366e-05,True
sample_288,tense,tense,0.8398198,5.7192567e-05,0.160123,0.8398198,True
sample_289,plain,plain,0.9717719,6.8009096e-05,0.9717719,0.028160082,True
sample_290,plain,plain,0.99929667,2.895454e-06,0.99929667,0.00070039864,True
sample_291,plain,plain,0.95941263,4.1332034e-05,0.95941263,0.040546067,True
sample_292,plain,plain,0.8615014,0.0014729733,0.8615014,0.13702558,True
sample_293,aspirated ,aspirated ,0.9999949,0.9999949,3.3970454e-07,4.781553e-06,True
sample_294,tense,tense,0.91155136,7.161278e-05,0.08837704,0.91155136,True
sample_295,plain,plain,0.999243,1.5790187e-05,0.999243,0.00074110803,True
sample_296,aspirated ,aspirated ,0.9983474,0.9983474,2.4838484e-05,0.0016276883,True
sample_297,plain,plain,0.9990113,0.00017468169,0.9990113,0.00081404875,True
sample_298,aspirated ,aspirated ,0.9998267,0.9998267,1.69555e-05,0.00015634185,True
sample_299,plain,plain,0.57415116,0.00017537968,0.57415116,0.42567348,True
sample_300,tense,tense,0.9978528,0.00065340346,0.0014938649,0.9978528,True
sample_301,tense,tense,0.9560038,0.0002469916,0.04374921,0.9560038,True
sample_302,plain,tense,0.5001898,5.4104607e-05,0.4997561,0.5001898,False
sample_303,tense,tense,0.9983491,0.00029218534,0.0013587305,0.9983491,True
sample_304,plain,plain,0.999858,1.8584084e-06,0.999858,0.00014006734,True
sample_305,aspirated ,aspirated ,0.9999243,0.9999243,1.8459369e-06,7.388485e-05,True
sample_306,plain,plain,0.9997794,3.8699345e-06,0.9997794,0.00021676302,True
sample_307,tense,tense,0.9975006,0.00048832357,0.002011091,0.9975006,True
sample_308,plain,plain,0.99967396,6.5864306e-06,0.99967396,0.0003194368,True
sample_309,aspirated ,aspirated ,0.999912,0.999912,3.0909177e-06,8.489436e-05,True
sample_310,plain,plain,0.99939096,7.3136484e-06,0.99939096,0.0006017524,True
sample_311,aspirated ,aspirated ,0.9998412,0.9998412,6.3795783e-06,0.00015229349,True
sample_312,plain,plain,0.9984682,4.3050336e-06,0.9984682,0.001527426,True
sample_313,plain,plain,0.99952114,4.6704286e-06,0.99952114,0.00047424797,True
sample_314,aspirated ,aspirated ,0.98854196,0.98854196,0.0012424915,0.010215526,True
sample_315,plain,plain,0.99896884,2.7052207e-05,0.99896884,0.0010040791,True
sample_316,plain,plain,0.9841583,4.082871e-05,0.9841583,0.015800897,True
sample_317,plain,plain,0.99986994,5.632641e-07,0.99986994,0.00012948622,True
sample_318,aspirated ,aspirated ,0.9963211,0.9963211,0.00022839685,0.0034505238,True
sample_319,plain,plain,0.9896622,5.317992e-05,0.9896622,0.010284598,True
sample_320,plain,plain,0.99944586,7.630255e-06,0.99944586,0.0005465442,True
sample_321,plain,plain,0.9998062,3.4958348e-06,0.9998062,0.0001903584,True
sample_322,plain,plain,0.97619176,4.5499502e-05,0.97619176,0.023762736,True
sample_323,aspirated ,aspirated ,0.99945444,0.99945444,0.00027377045,0.00027176642,True
sample_324,tense,tense,0.9964085,0.0002425496,0.0033489007,0.9964085,True
sample_325,plain,plain,0.9979937,7.977422e-06,0.9979937,0.0019983586,True
sample_326,plain,tense,0.8436782,0.00091975176,0.15540203,0.8436782,False
sample_327,plain,plain,0.9949244,1.6623238e-05,0.9949244,0.005058983,True
sample_328,aspirated ,aspirated ,0.9999763,0.9999763,1.5163251e-05,8.638962e-06,True
sample_329,tense,tense,0.991779,0.0058119893,0.0024089958,0.991779,True
sample_330,tense,tense,0.99580693,0.002775875,0.0014171915,0.99580693,True
sample_331,aspirated ,aspirated ,0.99982506,0.99982506,6.58255e-05,0.000109219516,True
sample_332,tense,plain,0.9342192,6.160383e-05,0.9342192,0.0657192,False
sample_333,aspirated ,aspirated ,0.9999757,0.9999757,1.0063945e-05,1.4344281e-05,True
sample_334,aspirated ,aspirated ,0.99999154,0.99999154,4.7039684e-06,3.8593953e-06,True
sample_335,tense,plain,0.98845774,1.0443554e-05,0.98845774,0.011531729,False
sample_336,plain,plain,0.9997279,7.1411455e-06,0.9997279,0.00026493927,True
sample_337,aspirated ,aspirated ,0.99998534,0.99998534,2.0059942e-06,1.2654151e-05,True
sample_338,plain,plain,0.99797565,5.5547475e-06,0.99797565,0.002018778,True
sample_339,plain,plain,0.96209896,3.129769e-05,0.96209896,0.037869774,True
sample_340,aspirated ,aspirated ,0.99995005,0.99995005,1.8323222e-05,3.1623596e-05,True
sample_341,aspirated ,aspirated ,0.9999931,0.9999931,1.4163284e-06,5.520161e-06,True
sample_342,tense,tense,0.9954288,0.003115419,0.0014557259,0.9954288,True
sample_343,aspirated ,aspirated ,0.999572,0.999572,0.0003803056,4.765474e-05,True
sample_344,plain,plain,0.999747,1.1786694e-06,0.999747,0.00025179694,True
sample_345,tense,tense,0.98731834,8.197537e-05,0.012599718,0.98731834,True
sample_346,plain,plain,0.99922144,2.5818987e-05,0.99922144,0.00075267424,True
sample_347,aspirated ,aspirated ,0.9991906,0.9991906,1.8655883e-05,0.0007906347,True
sample_348,tense,tense,0.9873109,0.00023881542,0.012450339,0.9873109,True
sample_349,plain,plain,0.99797696,1.4153836e-05,0.99797696,0.0020088898,True
sample_350,aspirated ,aspirated ,0.9997391,0.9997391,5.0480743e-05,0.00021030394,True
sample_351,aspirated ,aspirated ,0.9999962,0.9999962,1.8544052e-06,1.954897e-06,True
sample_352,aspirated ,aspirated ,0.9995383,0.9995383,1.2755614e-05,0.00044897513,True
sample_353,plain,plain,0.99948967,2.3515786e-06,0.99948967,0.00050796376,True
sample_354,tense,tense,0.9949521,5.036087e-05,0.0049976227,0.9949521,True
sample_355,plain,plain,0.9995732,9.760636e-06,0.9995732,0.00041709852,True
sample_356,tense,tense,0.9916074,0.00043851623,0.007954063,0.9916074,True
sample_357,aspirated ,aspirated ,0.99971384,0.99971384,0.00018935768,9.674765e-05,True
sample_358,plain,plain,0.99985266,3.3671824e-06,0.99985266,0.00014393344,True
sample_359,aspirated ,aspirated ,0.9994998,0.9994998,1.04263445e-05,0.0004896559,True
sample_360,plain,plain,0.96054715,4.9084465e-05,0.96054715,0.039403718,True
sample_361,aspirated ,aspirated ,0.9993286,0.9993286,3.4913453e-05,0.0006364704,True
sample_362,aspirated ,aspirated ,0.9958865,0.9958865,5.883305e-05,0.0040546465,True
sample_363,tense,plain,0.51994026,4.4637112e-05,0.51994026,0.48001516,False
sample_364,aspirated ,aspirated ,0.9980844,0.9980844,8.293338e-05,0.0018326627,True
sample_365,aspirated ,aspirated ,0.9999889,0.9999889,4.402297e-06,6.6486077e-06,True
sample_366,aspirated ,aspirated ,0.99998677,0.99998677,1.2648986e-06,1.1948651e-05,True
sample_367,aspirated ,aspirated ,0.9998677,0.9998677,3.826629e-05,9.40435e-05,True
sample_368,tense,tense,0.83386695,0.00031456482,0.16581854,0.83386695,True
sample_369,plain,plain,0.99777204,6.3912444e-06,0.99777204,0.0022214586,True
sample_370,plain,tense,0.67639416,3.947743e-05,0.32356638,0.67639416,False
sample_371,tense,tense,0.74270755,9.448118e-05,0.25719795,0.74270755,True
sample_372,aspirated ,aspirated ,0.9999876,0.9999876,2.1982096e-06,1.0256104e-05,True
sample_373,plain,plain,0.9998227,4.8409875e-06,0.9998227,0.00017243763,True
sample_374,aspirated ,aspirated ,0.9980075,0.9980075,1.2508645e-05,0.001980066,True
sample_375,plain,plain,0.57101214,0.00015727975,0.57101214,0.42883056,True
sample_376,tense,tense,0.9985316,0.00077600614,0.000692441,0.9985316,True
sample_377,plain,tense,0.5930716,0.0007836182,0.40614477,0.5930716,False
sample_378,aspirated ,aspirated ,0.9996252,0.9996252,6.8815516e-06,0.0003679083,True
sample_379,plain,tense,0.97829777,2.8526452e-05,0.021673638,0.97829777,False
sample_380,plain,tense,0.69136214,4.6799974e-05,0.308591,0.69136214,False
sample_381,aspirated ,aspirated ,0.9999763,0.9999763,6.8294335e-06,1.6904269e-05,True
sample_382,plain,plain,0.9989544,7.197761e-06,0.9989544,0.0010384743,True
sample_383,tense,tense,0.8602152,0.00016568071,0.13961907,0.8602152,True
sample_384,plain,plain,0.99978286,8.470747e-06,0.99978286,0.00020866892,True
sample_385,plain,plain,0.99990714,1.0457043e-06,0.99990714,9.176643e-05,True
sample_386,plain,tense,0.7784929,6.86091e-05,0.22143845,0.7784929,False
sample_387,aspirated ,aspirated ,0.9999858,0.9999858,6.905266e-06,7.3006095e-06,True
sample_388,plain,plain,0.91550523,0.0002888144,0.91550523,0.08420592,True
sample_389,aspirated ,aspirated ,0.99956244,0.99956244,9.697302e-06,0.00042790806,True
sample_390,tense,tense,0.99639785,0.0004795024,0.0031225798,0.99639785,True
sample_391,plain,plain,0.9601386,6.631557e-05,0.9601386,0.03979513,True
sample_392,aspirated ,aspirated ,0.99980205,0.99980205,0.00017000343,2.7984825e-05,True
sample_393,aspirated ,aspirated ,0.99926704,0.99926704,1.0994342e-05,0.0007220054,True
sample_394,tense,tense,0.9985025,0.00015561524,0.0013418737,0.9985025,True
sample_395,plain,plain,0.84110063,6.0279057e-05,0.84110063,0.15883909,True
sample_396,aspirated ,aspirated ,0.9999633,0.9999633,5.0185613e-06,3.174764e-05,True
sample_397,aspirated ,aspirated ,0.99947137,0.99947137,1.705402e-05,0.0005115641,True
sample_398,plain,plain,0.98966277,4.3948527e-05,0.98966277,0.010293254,True
sample_399,plain,plain,0.99944776,3.9465863e-06,0.99944776,0.0005482795,True
sample_400,tense,tense,0.6230475,0.00039437733,0.37655818,0.6230475,True
sample_401,tense,aspirated ,0.7529738,0.7529738,0.19580145,0.051224705,False
sample_402,plain,plain,0.92606664,4.0577328e-05,0.92606664,0.0738927,True
sample_403,plain,plain,0.99811965,8.054735e-06,0.99811965,0.0018722856,True
sample_404,aspirated ,aspirated ,0.99959093,0.99959093,2.6304133e-06,0.00040643621,True
sample_405,plain,plain,0.9996505,1.0225496e-06,0.9996505,0.0003485052,True
sample_406,tense,tense,0.9916284,0.0008494811,0.007522129,0.9916284,True
sample_407,aspirated ,aspirated ,0.99997115,0.99997115,8.680673e-06,2.0090145e-05,True
sample_408,aspirated ,aspirated ,0.99953175,0.99953175,2.0099826e-05,0.00044814806,True
sample_409,plain,plain,0.99385804,0.0019491315,0.99385804,0.0041927528,True
sample_410,tense,tense,0.6063002,9.9415425e-05,0.3936004,0.6063002,True
sample_411,aspirated ,aspirated ,0.99945945,0.99945945,9.887931e-06,0.0005306704,True
sample_412,plain,plain,0.999567,1.4525182e-05,0.999567,0.00041843898,True
sample_413,plain,plain,0.9996283,7.9660185e-06,0.9996283,0.00036365265,True
sample_414,plain,aspirated ,0.96959037,0.96959037,0.02376625,0.0066432743,False
sample_415,plain,plain,0.9159735,3.5962992e-05,0.9159735,0.08399062,True
sample_416,plain,plain,0.9965591,1.3416107e-05,0.9965591,0.0034275197,True
sample_417,plain,plain,0.9817661,1.4348063e-05,0.9817661,0.018219484,True
sample_418,tense,tense,0.98323417,0.009682933,0.0070829084,0.98323417,True
sample_419,plain,plain,0.9982394,1.3283291e-05,0.9982394,0.0017472742,True
sample_420,tense,tense,0.9957266,6.420971e-05,0.004209205,0.9957266,True
sample_421,aspirated ,aspirated ,0.99987614,0.99987614,9.269075e-06,0.00011451146,True
sample_422,aspirated ,aspirated ,0.9988914,0.9988914,1.3945918e-05,0.00109462,True
sample_423,plain,plain,0.99982136,3.9613183e-06,0.99982136,0.00017475848,True
sample_424,aspirated ,aspirated ,0.99999046,0.99999046,7.0587555e-07,8.849699e-06,True
sample_425,tense,tense,0.5437037,0.00013730112,0.45615909,0.5437037,True
sample_426,aspirated ,aspirated ,0.9946572,0.9946572,8.639127e-05,0.0052562817,True
sample_427,aspirated ,aspirated ,0.9975375,0.9975375,6.5891705e-05,0.0023966325,True
sample_428,aspirated ,aspirated ,0.9999608,0.9999608,1.6018332e-05,2.3263521e-05,True
sample_429,aspirated ,aspirated ,0.9995548,0.9995548,1.5997039e-05,0.00042915333,True
sample_430,aspirated ,aspirated ,0.99991834,0.99991834,3.869758e-05,4.2872165e-05,True
sample_431,plain,plain,0.9984276,5.77148e-06,0.9984276,0.0015666643,True
sample_432,tense,plain,0.83884925,0.000255985,0.83884925,0.16089483,False
sample_433,plain,plain,0.9993345,3.1890531e-06,0.9993345,0.000662301,True
sample_434,plain,plain,0.95643234,2.6846365e-05,0.95643234,0.043540873,True
sample_435,tense,tense,0.9948367,0.0031244452,0.0020388898,0.9948367,True
sample_436,tense,tense,0.99601704,0.00048359082,0.003499414,0.99601704,True
sample_437,tense,tense,0.9888504,0.00014845363,0.01100115,0.9888504,True
sample_438,tense,tense,0.9987863,4.7830374e-05,0.0011658566,0.9987863,True
sample_439,tense,tense,0.9888604,0.000948956,0.010190609,0.9888604,True
sample_440,plain,plain,0.8663355,3.5974877e-05,0.8663355,0.13362855,True
sample_441,aspirated ,aspirated ,0.99954826,0.99954826,1.46419725e-05,0.00043705627,True
sample_442,aspirated ,aspirated ,0.9998753,0.9998753,2.5088743e-06,0.00012219048,True
sample_443,tense,tense,0.9979382,0.0007478211,0.001313991,0.9979382,True
sample_444,aspirated ,aspirated ,0.99999714,0.99999714,6.107643e-07,2.322864e-06,True
sample_445,tense,plain,0.8385478,4.1578e-05,0.8385478,0.16141051,False
sample_446,tense,plain,0.70812094,5.6670684e-05,0.70812094,0.29182243,False
sample_447,plain,plain,0.99971396,1.5952315e-06,0.99971396,0.00028443016,True
sample_448,plain,plain,0.9399519,5.3142085e-05,0.9399519,0.05999499,True
sample_449,aspirated ,aspirated ,0.98939973,0.98939973,6.8575486e-05,0.010531693,True
sample_450,aspirated ,aspirated ,0.9988908,0.9988908,0.0003414968,0.00076770096,True
sample_451,aspirated ,aspirated ,0.99980277,0.99980277,6.0106784e-05,0.0001371374,True
sample_452,plain,tense,0.57682043,0.00031862032,0.42286098,0.57682043,False
sample_453,aspirated ,aspirated ,0.9994885,0.9994885,0.00033905526,0.00017244414,True
sample_454,aspirated ,tense,0.8842665,0.065329924,0.05040359,0.8842665,False
sample_455,tense,tense,0.9947067,0.0005317149,0.004761573,0.9947067,True
sample_456,tense,plain,0.8567293,0.00468745,0.8567293,0.13858317,False
sample_457,aspirated ,aspirated ,0.99982363,0.99982363,3.3390438e-06,0.00017304273,True
sample_458,plain,plain,0.9994936,1.11481295e-05,0.9994936,0.00049520034,True
sample_459,plain,tense,0.70044035,0.0010203517,0.29853925,0.70044035,False
sample_460,aspirated ,aspirated ,0.9999794,0.9999794,6.58301e-06,1.40761495e-05,True
sample_461,plain,plain,0.7038083,0.00040899997,0.7038083,0.29578272,True
sample_462,plain,plain,0.99987066,6.337947e-06,0.99987066,0.00012300296,True
sample_463,plain,plain,0.9987029,5.514947e-06,0.9987029,0.0012916571,True
sample_464,plain,plain,0.94828385,3.6990055e-05,0.94828385,0.051679194,True
sample_465,plain,plain,0.8660525,7.959563e-05,0.8660525,0.1338679,True
sample_466,tense,tense,0.9907973,0.0009511421,0.008251515,0.9907973,True
sample_467,plain,plain,0.94809616,0.00028847496,0.94809616,0.051615395,True
sample_468,tense,tense,0.99726737,0.0011806153,0.0015520597,0.99726737,True
sample_469,plain,plain,0.9995567,5.4211887e-06,0.9995567,0.00043788896,True
sample_470,aspirated ,aspirated ,0.99995756,0.99995756,2.0463156e-06,4.0425442e-05,True
sample_471,plain,tense,0.9147723,0.0001868753,0.085040875,0.9147723,False
sample_472,tense,tense,0.9378168,0.00021333975,0.06196984,0.9378168,True
sample_473,tense,tense,0.9809209,6.73253e-05,0.019011777,0.9809209,True
sample_474,plain,plain,0.9997117,2.570077e-06,0.9997117,0.00028563506,True
sample_475,aspirated ,aspirated ,0.996214,0.996214,3.6701615e-05,0.0037493294,True
sample_476,tense,tense,0.9030509,5.230067e-05,0.09689675,0.9030509,True
sample_477,aspirated ,aspirated ,0.9999604,0.9999604,1.4602402e-05,2.5043653e-05,True
sample_478,tense,tense,0.9967667,0.0010948054,0.0021385031,0.9967667,True
sample_479,plain,tense,0.82735926,0.00018562947,0.17245512,0.82735926,False
sample_480,aspirated ,aspirated ,0.9996282,0.9996282,0.00032753826,4.4251203e-05,True
sample_481,tense,tense,0.72820544,9.4568444e-05,0.2716999,0.72820544,True
sample_482,aspirated ,aspirated ,0.99988174,0.99988174,2.4643468e-06,0.000115746414,True
sample_483,aspirated ,aspirated ,0.99933404,0.99933404,3.6251631e-06,0.00066241977,True
sample_484,plain,plain,0.9996493,3.342498e-06,0.9996493,0.00034732858,True
sample_485,plain,plain,0.985308,8.448764e-05,0.985308,0.014607578,True
sample_486,tense,tense,0.98107177,0.0024721844,0.016456015,0.98107177,True
sample_487,plain,plain,0.79847246,9.9094395e-05,0.79847246,0.20142847,True
sample_488,tense,tense,0.8072754,0.00013064753,0.19259393,0.8072754,True
sample_489,tense,tense,0.9792101,5.6201436e-05,0.020733742,0.9792101,True
sample_490,aspirated ,aspirated ,0.99961394,0.99961394,7.915051e-05,0.00030696424,True
sample_491,aspirated ,aspirated ,0.9996166,0.9996166,0.00013387654,0.00024947088,True
sample_492,plain,plain,0.9998572,2.0053392e-06,0.9998572,0.00014075765,True
sample_493,plain,plain,0.9982102,2.6333777e-05,0.9982102,0.0017635324,True
sample_494,plain,plain,0.7863675,0.00050983805,0.7863675,0.21312262,True
sample_495,tense,plain,0.66211134,7.534626e-05,0.66211134,0.3378133,False
sample_496,plain,tense,0.6447975,0.00010441749,0.355098,0.6447975,False
sample_497,aspirated ,aspirated ,0.9990362,0.9990362,0.00090507034,5.8736798e-05,True
sample_498,plain,plain,0.9993981,5.4841694e-06,0.9993981,0.00059646,True
sample_499,plain,plain,0.86161005,0.000121333025,0.86161005,0.13826865,True
sample_500,tense,tense,0.9929773,0.0011559173,0.0058666924,0.9929773,True
sample_501,tense,tense,0.99316263,0.00048002735,0.0063573616,0.99316263,True
sample_502,tense,tense,0.99582565,0.0035719152,0.0006024386,0.99582565,True
sample_503,tense,tense,0.9899809,6.935424e-05,0.0099497605,0.9899809,True
sample_504,plain,plain,0.99974936,2.5678096e-06,0.99974936,0.00024804042,True
sample_505,tense,tense,0.9935783,0.0011329281,0.005288724,0.9935783,True
sample_506,plain,plain,0.9997198,3.5265082e-06,0.9997198,0.0002766645,True
sample_507,plain,plain,0.99481285,0.00010323896,0.99481285,0.005083871,True
sample_508,plain,plain,0.99940157,1.9729761e-05,0.99940157,0.0005787063,True
sample_509,aspirated ,aspirated ,0.9999145,0.9999145,3.7517108e-05,4.789249e-05,True
sample_510,plain,plain,0.9953733,1.5967975e-05,0.9953733,0.0046107285,True
sample_511,plain,plain,0.99940836,9.109471e-06,0.99940836,0.0005825612,True
sample_512,aspirated ,aspirated ,0.99877983,0.99877983,2.2281114e-05,0.0011979564,True
sample_513,plain,plain,0.9995437,8.671386e-06,0.9995437,0.00044758152,True
sample_514,aspirated ,aspirated ,0.99999,0.99999,3.5772678e-06,6.457445e-06,True
sample_515,tense,tense,0.82731986,0.0021574479,0.1705227,0.82731986,True
sample_516,aspirated ,aspirated ,0.9996625,0.9996625,1.4791244e-05,0.00032266573,True
sample_517,aspirated ,aspirated ,0.9998654,0.9998654,8.231742e-06,0.0001263089,True
sample_518,tense,tense,0.9821469,0.00014278422,0.01771035,0.9821469,True
sample_519,tense,tense,0.5084674,0.00036760222,0.4911651,0.5084674,True
sample_520,plain,plain,0.9998779,1.8550278e-06,0.9998779,0.00012019469,True
sample_521,tense,tense,0.9908283,0.00020662392,0.008965121,0.9908283,True
sample_522,aspirated ,aspirated ,0.99989974,0.99989974,1.9226636e-05,8.105817e-05,True
sample_523,plain,plain,0.8393923,0.00020118293,0.8393923,0.1604065,True
sample_524,tense,tense,0.9931091,0.0030353959,0.0038555136,0.9931091,True
sample_525,tense,tense,0.9402941,0.034238674,0.025467297,0.9402941,True
sample_526,plain,plain,0.9999243,1.5157584e-06,0.9999243,7.419752e-05,True
sample_527,aspirated ,aspirated ,0.9985077,0.9985077,2.122477e-05,0.0014711149,True
sample_528,tense,tense,0.99436647,0.00023166258,0.005401842,0.99436647,True
sample_529,tense,tense,0.9933789,0.0019905735,0.0046305796,0.9933789,True
sample_530,tense,plain,0.9214953,0.0001747462,0.9214953,0.078329876,False
sample_531,plain,plain,0.9996989,1.0961814e-05,0.9996989,0.0002901513,True
sample_532,plain,plain,0.9474102,9.863106e-05,0.9474102,0.052491184,True
sample_533,tense,tense,0.9973297,0.0017280324,0.0009423096,0.9973297,True
sample_534,plain,plain,0.9998153,7.3619412e-06,0.9998153,0.0001773372,True
sample_535,aspirated ,aspirated ,0.9996464,0.9996464,8.463229e-06,0.00034507748,True
sample_536,tense,tense,0.9880469,9.187958e-05,0.011861267,0.9880469,True
sample_537,aspirated ,aspirated ,0.99990284,0.99990284,3.909748e-06,9.3250346e-05,True
sample_538,aspirated ,aspirated ,0.99967456,0.99967456,1.29584005e-05,0.00031241897,True
sample_539,tense,tense,0.9975769,0.0008720092,0.0015511437,0.9975769,True
sample_540,aspirated ,aspirated ,0.9973573,0.9973573,0.0003713747,0.0022712476,True
sample_541,plain,tense,0.73045284,8.59296e-05,0.26946127,0.73045284,False
sample_542,plain,plain,0.9998275,4.332548e-06,0.9998275,0.00016816513,True
sample_543,tense,tense,0.9944975,0.0017713141,0.0037312116,0.9944975,True
sample_544,plain,plain,0.9979849,1.27106e-05,0.9979849,0.0020024034,True
sample_545,aspirated ,aspirated ,0.99988365,0.99988365,1.1977514e-05,0.000104427156,True
sample_546,plain,plain,0.9997137,1.6730671e-06,0.9997137,0.00028454594,True
sample_547,plain,plain,0.9998857,2.051935e-06,0.9998857,0.00011230614,True
sample_548,aspirated ,aspirated ,0.9995944,0.9995944,3.7654668e-06,0.0004018496,True
sample_549,aspirated ,aspirated ,0.99924123,0.99924123,9.451007e-06,0.0007494134,True
sample_550,plain,plain,0.9994004,2.9834402e-05,0.9994004,0.0005698934,True
sample_551,aspirated ,aspirated ,0.9961332,0.9961332,0.00029239865,0.003574494,True
sample_552,tense,tense,0.61023736,9.6188e-05,0.38966656,0.61023736,True
sample_553,plain,plain,0.71853936,9.856397e-05,0.71853936,0.2813621,True
sample_554,plain,plain,0.9905742,1.6497213e-05,0.9905742,0.009409349,True
sample_555,tense,tense,0.56767356,0.0001482721,0.43217808,0.56767356,True
sample_556,aspirated ,aspirated ,0.9999937,0.9999937,8.3936493e-07,5.5339738e-06,True
sample_557,plain,plain,0.99983704,1.8046097e-06,0.99983704,0.0001611392,True
sample_558,aspirated ,aspirated ,0.9655348,0.9655348,0.0007444985,0.03372072,True
sample_559,aspirated ,aspirated ,0.9996126,0.9996126,8.379867e-06,0.00037900958,True
sample_560,tense,tense,0.9921411,0.00055468426,0.007304139,0.9921411,True
sample_561,aspirated ,aspirated ,0.9999908,0.9999908,3.2930923e-06,5.8755336e-06,True
sample_562,tense,tense,0.98397255,0.00027384906,0.015753621,0.98397255,True
sample_563,plain,plain,0.9241285,4.5182536e-05,0.9241285,0.075826414,True
sample_564,tense,tense,0.99760324,0.00034459852,0.0020521344,0.99760324,True
sample_565,aspirated ,aspirated ,0.9999974,0.9999974,6.614578e-07,1.9500171e-06,True
sample_566,aspirated ,aspirated ,0.99998605,0.99998605,2.5701324e-06,1.1364663e-05,True
sample_567,plain,tense,0.70770985,0.0001923606,0.2920978,0.70770985,False
sample_568,plain,plain,0.99990916,7.069775e-07,0.99990916,9.006594e-05,True
sample_569,plain,plain,0.9970489,2.1499285e-05,0.9970489,0.0029295855,True
sample_570,tense,tense,0.9994117,0.00015217131,0.00043613056,0.9994117,True
sample_571,aspirated ,aspirated ,0.9997441,0.9997441,1.30665985e-05,0.0002428038,True
sample_572,aspirated ,aspirated ,0.99960357,0.99960357,1.7030792e-05,0.00037945027,True
sample_573,plain,plain,0.999767,4.2024008e-06,0.999767,0.00022877275,True
sample_574,aspirated ,aspirated ,0.99977833,0.99977833,2.3819427e-06,0.00021931624,True
sample_575,aspirated ,aspirated ,0.9999926,0.9999926,2.4022477e-06,5.011319e-06,True
sample_576,aspirated ,aspirated ,0.9957847,0.9957847,7.3956115e-05,0.004141337,True
sample_577,aspirated ,aspirated ,0.9995896,0.9995896,4.5343662e-05,0.0003649929,True
sample_578,aspirated ,aspirated ,0.9999212,0.9999212,4.1202085e-05,3.760666e-05,True
sample_579,plain,plain,0.9997882,1.8828687e-05,0.9997882,0.0001930002,True
sample_580,tense,plain,0.86576444,0.00021433596,0.86576444,0.13402124,False
sample_581,tense,tense,0.7752384,7.7343786e-05,0.22468427,0.7752384,True
sample_582,plain,plain,0.99970645,1.06626785e-05,0.99970645,0.00028293382,True
sample_583,tense,plain,0.7164647,4.1193474e-05,0.7164647,0.28349417,False
sample_584,aspirated ,aspirated ,0.9997222,0.9997222,3.0214394e-06,0.00027485582,True
sample_585,aspirated ,aspirated ,0.99998236,0.99998236,1.9360145e-06,1.5700087e-05,True
sample_586,aspirated ,aspirated ,0.99888045,0.99888045,1.5292666e-05,0.0011042536,True
sample_587,plain,plain,0.9989784,8.790006e-06,0.9989784,0.0010128029,True
sample_588,plain,plain,0.9997533,7.1790196e-06,0.9997533,0.00023953163,True
sample_589,plain,plain,0.91126627,0.00013709738,0.91126627,0.08859662,True
sample_590,aspirated ,aspirated ,0.9988642,0.9988642,2.3877818e-05,0.001111951,True
sample_591,plain,plain,0.9993389,7.983696e-06,0.9993389,0.0006530798,True
sample_592,aspirated ,aspirated ,0.99958223,0.99958223,1.7766764e-05,0.00039996975,True
sample_593,plain,plain,0.9998342,1.3400058e-06,0.9998342,0.00016444703,True
sample_594,plain,plain,0.9990723,8.014465e-06,0.9990723,0.0009196756,True
sample_595,plain,plain,0.9997296,2.1407725e-06,0.9997296,0.00026824942,True
sample_596,aspirated ,aspirated ,0.99962425,0.99962425,1.4479922e-06,0.00037433123,True
sample_597,aspirated ,aspirated ,0.999907,0.999907,6.597929e-05,2.687963e-05,True
sample_598,tense,tense,0.54085696,0.00020652509,0.4589365,0.54085696,True
sample_599,plain,plain,0.9997044,6.8457152e-06,0.9997044,0.00028874265,True
sample_600,tense,tense,0.9817731,0.0005248338,0.017702082,0.9817731,True
sample_601,plain,plain,0.99985456,1.7559223e-06,0.99985456,0.00014364246,True
sample_602,tense,tense,0.9691404,0.0011724222,0.029687118,0.9691404,True
sample_603,plain,plain,0.99953985,7.3437877e-06,0.99953985,0.00045282117,True
sample_604,plain,plain,0.74326974,0.00025215963,0.74326974,0.25647804,True
sample_605,tense,plain,0.8871815,2.3483275e-05,0.8871815,0.112795,False
sample_606,plain,plain,0.9997832,6.395119e-06,0.9997832,0.00021032244,True
sample_607,tense,tense,0.876317,0.00012587005,0.12355713,0.876317,True
sample_608,plain,plain,0.9998621,2.0715406e-06,0.9998621,0.00013593699,True
sample_609,plain,plain,0.9997582,1.8446027e-06,0.9997582,0.00024005672,True
sample_610,plain,plain,0.9997414,1.3127985e-06,0.9997414,0.00025725196,True
sample_611,plain,plain,0.9923322,4.3028853e-05,0.9923322,0.007624713,True
sample_612,aspirated ,aspirated ,0.99983394,0.99983394,0.00010678495,5.9292677e-05,True
sample_613,aspirated ,aspirated ,0.9971865,0.9971865,4.0466955e-05,0.0027731233,True
sample_614,tense,tense,0.9932181,0.00020707984,0.0065748044,0.9932181,True
sample_615,aspirated ,aspirated ,0.99997103,0.99997103,3.6765882e-06,2.5316738e-05,True
sample_616,tense,plain,0.8662282,8.078101e-05,0.8662282,0.13369106,False
sample_617,plain,plain,0.99968207,8.669621e-07,0.99968207,0.0003171358,True
sample_618,tense,tense,0.9974431,0.0020071717,0.0005497398,0.9974431,True
sample_619,aspirated ,aspirated ,0.9990675,0.9990675,9.820949e-06,0.00092275743,True
sample_620,aspirated ,aspirated ,0.9983335,0.9983335,0.00016151568,0.0015049828,True
sample_621,plain,plain,0.9993937,1.4616635e-05,0.9993937,0.0005916154,True
sample_622,tense,tense,0.99682105,0.0008063473,0.0023726346,0.99682105,True
sample_623,tense,tense,0.90746063,0.00019038457,0.09234895,0.90746063,True
sample_624,tense,tense,0.9984799,0.00022192798,0.0012982127,0.9984799,True
sample_625,aspirated ,aspirated ,0.99996996,0.99996996,7.000819e-06,2.2969736e-05,True
sample_626,aspirated ,aspirated ,0.9998429,0.9998429,1.7827914e-06,0.00015529006,True
sample_627,tense,tense,0.8893968,0.00016101699,0.11044222,0.8893968,True
sample_628,plain,plain,0.99964416,9.0932815e-07,0.99964416,0.00035485235,True
sample_629,aspirated ,aspirated ,0.999819,0.999819,1.3958448e-06,0.00017965787,True
sample_630,tense,tense,0.9979842,0.00049413764,0.0015216649,0.9979842,True
sample_631,tense,tense,0.9611716,0.007727401,0.031100942,0.9611716,True
sample_632,aspirated ,aspirated ,0.9999137,0.9999137,2.2155795e-05,6.411481e-05,True
sample_633,aspirated ,aspirated ,0.9999703,0.9999703,9.777113e-06,1.9882697e-05,True
sample_634,tense,tense,0.99814844,0.00066345395,0.0011880869,0.99814844,True
sample_635,tense,tense,0.9867156,0.00030421105,0.012980211,0.9867156,True
sample_636,aspirated ,aspirated ,0.9997626,0.9997626,1.3630264e-06,0.00023607112,True
sample_637,plain,plain,0.9832076,2.4717254e-05,0.9832076,0.016767683,True
sample_638,tense,tense,0.90929514,0.00010296001,0.09060181,0.90929514,True
sample_639,plain,plain,0.99332494,1.4322189e-05,0.99332494,0.0066607287,True
sample_640,aspirated ,aspirated ,0.9994475,0.9994475,1.6763785e-05,0.00053563237,True
sample_641,tense,tense,0.99666226,0.00061674445,0.0027210081,0.99666226,True
sample_642,plain,tense,0.9775868,0.00035765098,0.02205551,0.9775868,False
sample_643,tense,tense,0.996518,0.0028300881,0.0006518527,0.996518,True
sample_644,tense,plain,0.9025028,0.00022721048,0.9025028,0.09726995,False
sample_645,tense,tense,0.9896456,0.0042429087,0.0061115567,0.9896456,True
sample_646,tense,tense,0.99135524,0.00023730897,0.008407426,0.99135524,True
sample_647,plain,tense,0.6368052,0.0010194251,0.36217532,0.6368052,False
sample_648,plain,plain,0.99982566,8.8791285e-06,0.99982566,0.00016557694,True
sample_649,plain,plain,0.99965644,2.852281e-06,0.99965644,0.00034071572,True
sample_650,aspirated ,aspirated ,0.9972982,0.9972982,4.309104e-05,0.002658844,True
sample_651,plain,plain,0.9994337,5.77194e-05,0.9994337,0.00050860277,True
sample_652,aspirated ,aspirated ,0.9999449,0.9999449,3.5244055e-05,1.9807434e-05,True
sample_653,plain,plain,0.9997558,9.763402e-07,0.9997558,0.00024326626,True
sample_654,plain,plain,0.9910739,6.9143374e-05,0.9910739,0.008856956,True
sample_655,plain,plain,0.99870133,5.2865485e-05,0.99870133,0.0012457905,True
sample_656,tense,tense,0.9183626,0.00020032958,0.081437014,0.9183626,True
sample_657,tense,tense,0.9984131,6.440389e-05,0.0015225265,0.9984131,True
sample_658,plain,plain,0.81381774,0.00013107866,0.81381774,0.1860512,True
sample_659,aspirated ,aspirated ,0.9999666,0.9999666,1.6470702e-05,1.6951824e-05,True
sample_660,plain,plain,0.99809116,2.5084912e-05,0.99809116,0.0018837455,True
sample_661,plain,plain,0.9991897,1.5825584e-05,0.9991897,0.0007944888,True
sample_662,plain,plain,0.99968255,1.4897689e-05,0.99968255,0.00030263577,True
sample_663,tense,tense,0.98663414,7.3011164e-05,0.013292918,0.98663414,True
sample_664,plain,plain,0.999099,4.8215363e-05,0.999099,0.00085280754,True
sample_665,tense,tense,0.99524826,0.0007008896,0.004050861,0.99524826,True
sample_666,aspirated ,aspirated ,0.99881434,0.99881434,1.2210978e-05,0.0011734681,True
sample_667,tense,tense,0.5053849,0.00012992776,0.4944852,0.5053849,True
sample_668,aspirated ,aspirated ,0.9997223,0.9997223,0.00024195135,3.5693953e-05,True
sample_669,plain,plain,0.9995415,1.7490694e-06,0.9995415,0.0004566928,True
sample_670,plain,plain,0.9977621,7.3217125e-06,0.9977621,0.0022305646,True
sample_671,aspirated ,aspirated ,0.99994695,0.99994695,1.8335426e-06,5.12149e-05,True
sample_672,aspirated ,aspirated ,0.9999801,0.9999801,3.9800343e-06,1.5948279e-05,True
sample_673,plain,plain,0.5997496,0.00013395457,0.5997496,0.40011638,True
sample_674,plain,plain,0.9285385,5.385342e-05,0.9285385,0.07140757,True
sample_675,aspirated ,aspirated ,0.99997485,0.99997485,5.3378617e-06,1.9787032e-05,True
sample_676,tense,plain,0.5220044,0.00031874314,0.5220044,0.47767684,False
sample_677,tense,tense,0.9961448,0.002474029,0.0013812114,0.9961448,True
sample_678,tense,tense,0.99305916,0.0005616579,0.0063792025,0.99305916,True
sample_679,plain,plain,0.99967,1.0407356e-05,0.99967,0.00031957054,True
sample_680,plain,plain,0.99980694,4.79341e-06,0.99980694,0.00018826715,True
sample_681,aspirated ,aspirated ,0.9975139,0.9975139,0.0020910283,0.00039502545,True
sample_682,plain,plain,0.9996885,6.8754143e-06,0.9996885,0.00030457982,True
sample_683,aspirated ,aspirated ,0.9999492,0.9999492,1.2434946e-06,4.9596994e-05,True
sample_684,tense,tense,0.87177,0.00068109046,0.12754889,0.87177,True
sample_685,tense,tense,0.99841726,0.0007039701,0.0008788137,0.99841726,True
sample_686,aspirated ,aspirated ,0.99977905,0.99977905,4.5155516e-06,0.00021639898,True
sample_687,aspirated ,aspirated ,0.9999609,0.9999609,1.1488088e-05,2.769106e-05,True
sample_688,aspirated ,aspirated ,0.99987245,0.99987245,6.080835e-05,6.6711065e-05,True
sample_689,plain,plain,0.99905497,3.2054606e-05,0.99905497,0.00091297104,True
sample_690,plain,plain,0.9902366,1.8641247e-05,0.9902366,0.009744716,True
sample_691,aspirated ,aspirated ,0.99994934,0.99994934,1.1411476e-05,3.917736e-05,True
sample_692,aspirated ,aspirated ,0.9999838,0.9999838,1.1764379e-05,4.433283e-06,True
sample_693,plain,plain,0.97171986,6.1280276e-05,0.97171986,0.02821888,True
sample_694,tense,tense,0.8390148,0.00022219331,0.16076292,0.8390148,True
sample_695,tense,tense,0.8941904,0.00010940949,0.10570026,0.8941904,True
sample_696,plain,plain,0.9996013,5.7640423e-06,0.9996013,0.0003929911,True
sample_697,plain,plain,0.9998777,8.219726e-07,0.9998777,0.00012140093,True
sample_698,tense,tense,0.9985997,0.00047714091,0.00092310854,0.9985997,True
sample_699,tense,plain,0.82854,9.946045e-05,0.82854,0.1713605,False
sample_700,aspirated ,aspirated ,0.99999547,0.99999547,1.3175276e-06,3.2502626e-06,True
sample_701,tense,tense,0.9878321,0.0005605124,0.011607377,0.9878321,True
sample_702,aspirated ,aspirated ,0.999292,0.999292,8.1737286e-05,0.0006262513,True
sample_703,aspirated ,aspirated ,0.99998796,0.99998796,5.7495736e-06,6.30547e-06,True
sample_704,tense,tense,0.9815161,4.6824145e-05,0.018437086,0.9815161,True
sample_705,plain,tense,0.7569054,0.00010432828,0.2429903,0.7569054,False
sample_706,aspirated ,aspirated ,0.9943561,0.9943561,2.5768655e-05,0.005618109,True
sample_707,aspirated ,aspirated ,0.8743772,0.8743772,0.00051513745,0.12510765,True
sample_708,tense,tense,0.97549397,0.0003220636,0.024184003,0.97549397,True
sample_709,tense,tense,0.998195,0.00029515492,0.0015098627,0.998195,True
sample_710,plain,plain,0.9988342,4.595123e-06,0.9988342,0.0011612249,True
sample_711,aspirated ,aspirated ,0.996912,0.996912,0.00014272642,0.0029452492,True
sample_712,plain,plain,0.99933004,2.7979577e-06,0.99933004,0.0006672704,True
sample_713,plain,plain,0.99926096,2.2361812e-05,0.99926096,0.00071664306,True
sample_714,aspirated ,aspirated ,0.9999938,0.9999938,8.583248e-07,5.3683334e-06,True
sample_715,plain,plain,0.542136,0.00026577234,0.542136,0.4575982,True
sample_716,tense,tense,0.9969668,0.00048451102,0.0025487624,0.9969668,True
sample_717,aspirated ,aspirated ,0.99991465,0.99991465,4.0244384e-05,4.5064353e-05,True
sample_718,aspirated ,aspirated ,0.99986243,0.99986243,7.5243304e-05,6.235397e-05,True
sample_719,aspirated ,aspirated ,0.9951432,0.9951432,4.682459e-05,0.0048099724,True
sample_720,plain,plain,0.9880377,1.9636238e-05,0.9880377,0.011942584,True
sample_721,plain,plain,0.9996469,2.7030776e-06,0.9996469,0.00035036047,True
sample_722,plain,plain,0.9997445,1.4214164e-06,0.9997445,0.0002540453,True
sample_723,tense,tense,0.74913555,0.00015689089,0.25070757,0.74913555,True
sample_724,tense,tense,0.9871141,0.0006451646,0.0122408075,0.9871141,True
sample_725,tense,tense,0.9988673,0.00010695391,0.0010257886,0.9988673,True
sample_726,plain,plain,0.90039426,0.06349024,0.90039426,0.036115497,True
sample_727,plain,plain,0.9996418,8.66469e-06,0.9996418,0.00034945636,True
sample_728,tense,tense,0.9986639,3.006381e-05,0.0013060924,0.9986639,True
sample_729,tense,tense,0.99700135,0.0015545584,0.0014440705,0.99700135,True
sample_730,tense,tense,0.9965238,0.0005442314,0.0029319322,0.9965238,True
sample_731,plain,plain,0.9995819,1.2637452e-06,0.9995819,0.00041681368,True
sample_732,tense,tense,0.9953519,0.00016956599,0.0044784597,0.9953519,True
sample_733,aspirated ,aspirated ,0.99888307,0.99888307,2.7795732e-05,0.0010891726,True
sample_734,plain,plain,0.9995448,2.1552435e-06,0.9995448,0.000453053,True
sample_735,tense,tense,0.9958586,0.0034226796,0.0007187296,0.9958586,True
sample_736,aspirated ,aspirated ,0.9988244,0.9988244,0.0007684703,0.0004070402,True
sample_737,plain,tense,0.64524347,0.00017669884,0.35457978,0.64524347,False
sample_738,aspirated ,aspirated ,0.99886656,0.99886656,0.00010384438,0.0010296529,True
sample_739,aspirated ,aspirated ,0.99971896,0.99971896,1.6884098e-05,0.000264145,True
sample_740,tense,tense,0.96848583,0.00056404684,0.03095009,0.96848583,True
sample_741,plain,plain,0.6831228,0.00013668626,0.6831228,0.31674054,True
sample_742,plain,plain,0.9972144,3.608493e-05,0.9972144,0.002749558,True
sample_743,tense,tense,0.9963181,4.2015796e-05,0.0036399183,0.9963181,True
sample_744,tense,plain,0.85315293,0.0002863415,0.85315293,0.14656083,False
sample_745,aspirated ,aspirated ,0.99996364,0.99996364,9.15415e-06,2.7210757e-05,True
sample_746,aspirated ,aspirated ,0.9977392,0.9977392,5.8113135e-05,0.002202614,True
sample_747,plain,plain,0.99978787,1.5976699e-06,0.99978787,0.00021060724,True
sample_748,tense,tense,0.859698,0.00020599924,0.14009602,0.859698,True
sample_749,plain,plain,0.9998952,2.073479e-06,0.9998952,0.00010280582,True
sample_750,plain,plain,0.8523649,0.000105438055,0.8523649,0.14752963,True
sample_751,plain,plain,0.999843,1.6271887e-06,0.999843,0.00015530267,True
sample_752,plain,plain,0.9877874,0.000103919425,0.9877874,0.012108547,True
sample_753,tense,plain,0.6436608,0.00012706376,0.6436608,0.35621223,False
sample_754,tense,tense,0.9964972,0.0011999325,0.0023028676,0.9964972,True
sample_755,plain,plain,0.99958056,1.3294351e-05,0.99958056,0.0004061344,True
sample_756,plain,plain,0.99968326,2.4081369e-06,0.99968326,0.00031435658,True
sample_757,tense,tense,0.9975957,0.0007017851,0.0017024657,0.9975957,True
sample_758,tense,tense,0.99848676,0.00082563673,0.00068756915,0.99848676,True
sample_759,tense,tense,0.97688645,0.0006931117,0.022420397,0.97688645,True
sample_760,tense,tense,0.9936609,0.00047711117,0.005861878,0.9936609,True
sample_761,tense,tense,0.99908054,0.0002705736,0.0006489294,0.99908054,True
sample_762,tense,tense,0.8610399,0.00020001874,0.13876007,0.8610399,True
sample_763,aspirated ,aspirated ,0.9988211,0.9988211,7.4660234e-06,0.0011713768,True
sample_764,plain,plain,0.9323361,0.00014345345,0.9323361,0.06752051,True
sample_765,plain,plain,0.69612545,0.00017249474,0.69612545,0.30370206,True
sample_766,aspirated ,aspirated ,0.9999676,0.9999676,1.5092615e-05,1.7228946e-05,True
sample_767,aspirated ,aspirated ,0.99997497,0.99997497,2.2124875e-06,2.2808774e-05,True
sample_768,tense,tense,0.9819464,0.00034935644,0.017704194,0.9819464,True
sample_769,tense,tense,0.99104905,0.000274244,0.008676724,0.99104905,True
sample_770,aspirated ,aspirated ,0.9995776,0.9995776,1.3054147e-05,0.00040931505,True
sample_771,tense,tense,0.99640214,0.00023185519,0.0033660159,0.99640214,True
sample_772,tense,tense,0.9983518,0.00055726804,0.0010909379,0.9983518,True
sample_773,aspirated ,aspirated ,0.99998784,0.99998784,5.7574243e-06,6.406134e-06,True
sample_774,plain,plain,0.999879,1.6410487e-06,0.999879,0.00011935867,True
sample_775,tense,plain,0.75497323,0.00016262336,0.75497323,0.24486417,False
sample_776,tense,tense,0.9943178,0.0026945036,0.0029876337,0.9943178,True
sample_777,aspirated ,aspirated ,0.99996006,0.99996006,1.5982614e-05,2.3907616e-05,True
sample_778,plain,plain,0.99980325,1.6535041e-06,0.99980325,0.00019514933,True
sample_779,aspirated ,aspirated ,0.9997093,0.9997093,3.0290314e-06,0.00028772093,True
sample_780,aspirated ,aspirated ,0.9999641,0.9999641,2.0348076e-05,1.5491016e-05,True
sample_781,plain,plain,0.9989046,1.656105e-06,0.9989046,0.0010937046,True
sample_782,tense,tense,0.9788343,0.00038693487,0.020778714,0.9788343,True
sample_783,tense,tense,0.99890745,0.0006110113,0.00048148617,0.99890745,True
sample_784,plain,plain,0.99985695,5.078842e-07,0.99985695,0.00014258316,True
sample_785,tense,tense,0.9983676,0.00079120003,0.0008411729,0.9983676,True
sample_786,tense,tense,0.9860866,0.0032722084,0.010641232,0.9860866,True
sample_787,tense,tense,0.994066,0.0010191443,0.0049147923,0.994066,True
sample_788,tense,tense,0.99714535,0.0017398543,0.0011148211,0.99714535,True
sample_789,plain,plain,0.9756707,7.944137e-05,0.9756707,0.024249826,True
sample_790,tense,tense,0.9945094,0.00016591737,0.0053247632,0.9945094,True
sample_791,tense,plain,0.5755152,0.0010642138,0.5755152,0.4234206,False
sample_792,aspirated ,aspirated ,0.9997665,0.9997665,1.2201993e-05,0.0002212917,True
sample_793,plain,plain,0.99792373,4.829925e-05,0.99792373,0.0020279328,True
sample_794,tense,tense,0.9968766,0.00036231076,0.002761102,0.9968766,True
sample_795,plain,plain,0.9995291,1.2324534e-05,0.9995291,0.0004586482,True
sample_796,plain,plain,0.99812263,1.2376693e-05,0.99812263,0.0018649633,True
sample_797,plain,plain,0.89641726,0.00019414957,0.89641726,0.10338854,True
sample_798,plain,plain,0.9995956,5.757483e-06,0.9995956,0.00039876357,True
sample_799,tense,tense,0.9964132,0.0015386698,0.002048168,0.9964132,True
sample_800,aspirated ,aspirated ,0.99976367,0.99976367,5.8072133e-06,0.0002304834,True
sample_801,plain,plain,0.99598557,1.4438178e-05,0.99598557,0.0039998894,True
sample_802,plain,plain,0.9978878,3.5730805e-05,0.9978878,0.0020764808,True
sample_803,plain,plain,0.9995871,7.3397096e-06,0.9995871,0.00040547704,True
sample_804,plain,plain,0.9997491,1.0678312e-06,0.9997491,0.00024983418,True
sample_805,plain,plain,0.9996026,6.937736e-06,0.9996026,0.0003904398,True
sample_806,tense,tense,0.9973755,0.0013175737,0.0013069798,0.9973755,True
sample_807,plain,plain,0.9307098,7.6573866e-05,0.9307098,0.06921365,True
sample_808,tense,tense,0.99790406,0.000906414,0.0011894782,0.99790406,True
sample_809,plain,plain,0.9941909,1.7635515e-05,0.9941909,0.005791392,True
sample_810,plain,plain,0.9995016,1.6490712e-05,0.9995016,0.0004820203,True
sample_811,plain,plain,0.9993468,5.7613547e-06,0.9993468,0.00064750813,True
sample_812,aspirated ,aspirated ,0.9999126,0.9999126,2.4977949e-06,8.481228e-05,True
sample_813,aspirated ,aspirated ,0.999943,0.999943,9.589788e-07,5.6018584e-05,True
sample_814,tense,tense,0.59022874,0.00036520246,0.40940613,0.59022874,True
sample_815,aspirated ,aspirated ,0.99994767,0.99994767,2.0518862e-06,5.024519e-05,True
sample_816,plain,plain,0.65707606,0.00023016754,0.65707606,0.34269384,True
sample_817,plain,tense,0.6489919,0.0002724584,0.35073572,0.6489919,False
sample_818,plain,plain,0.568822,0.0001980415,0.568822,0.4309799,True
sample_819,tense,tense,0.98929554,0.00015700566,0.010547399,0.98929554,True
sample_820,tense,plain,0.69060254,0.0005632903,0.69060254,0.3088342,False
sample_821,aspirated ,aspirated ,0.9997782,0.9997782,1.6531592e-05,0.00020527952,True
sample_822,tense,plain,0.6026885,0.00018823122,0.6026885,0.39712325,False
sample_823,tense,plain,0.7004311,0.00017835356,0.7004311,0.29939058,False
sample_824,tense,tense,0.9842019,0.013574533,0.0022234786,0.9842019,True
sample_825,plain,plain,0.5344577,0.00020531463,0.5344577,0.46533695,True
sample_826,aspirated ,aspirated ,0.9976636,0.9976636,0.0007148645,0.0016215397,True
sample_827,plain,plain,0.99985504,1.6946078e-06,0.99985504,0.00014331017,True
sample_828,plain,plain,0.74271685,9.467439e-05,0.74271685,0.2571885,True
sample_829,plain,plain,0.9999523,3.3531835e-06,0.9999523,4.4394787e-05,True
sample_830,plain,plain,0.999874,2.8987433e-06,0.999874,0.00012318273,True
sample_831,plain,plain,0.9998159,2.7236188e-06,0.9998159,0.00018141794,True
sample_832,plain,tense,0.9913288,0.00060480955,0.008066501,0.9913288,False
sample_833,aspirated ,aspirated ,0.99997485,0.99997485,6.149832e-06,1.8913897e-05,True
sample_834,tense,plain,0.84616214,0.00030438165,0.84616214,0.1535334,False
sample_835,tense,tense,0.93331677,0.00016139698,0.06652185,0.93331677,True
sample_836,tense,tense,0.9872709,4.1466254e-05,0.012687615,0.9872709,True
sample_837,plain,plain,0.9995863,4.2719203e-06,0.9995863,0.0004094869,True
sample_838,tense,tense,0.9973181,7.569027e-05,0.0026062026,0.9973181,True
sample_839,plain,tense,0.9684884,0.027873104,0.0036384321,0.9684884,False
sample_840,aspirated ,aspirated ,0.9999802,0.9999802,1.4607788e-05,5.1770617e-06,True
sample_841,aspirated ,aspirated ,0.95328754,0.95328754,0.040657,0.0060554603,True
sample_842,aspirated ,aspirated ,0.9999825,0.9999825,1.4180715e-06,1.6113168e-05,True
sample_843,plain,plain,0.99976355,1.3017443e-06,0.99976355,0.00023516915,True
sample_844,tense,tense,0.97337747,0.00048172692,0.026140822,0.97337747,True
sample_845,plain,plain,0.9997893,9.099251e-07,0.9997893,0.00020974764,True
sample_846,plain,plain,0.9298034,5.4978856e-05,0.9298034,0.070141695,True
sample_847,aspirated ,aspirated ,0.9996107,0.9996107,8.443643e-06,0.0003807858,True
sample_848,aspirated ,aspirated ,0.9956801,0.9956801,0.0040453617,0.00027452988,True
sample_849,plain,tense,0.58044076,0.00025243245,0.41930678,0.58044076,False
sample_850,tense,tense,0.99094665,0.003878849,0.0051744697,0.99094665,True
sample_851,aspirated ,aspirated ,0.9999347,0.9999347,8.887183e-07,6.453675e-05,True
sample_852,tense,tense,0.98500663,0.0011747712,0.013818552,0.98500663,True
sample_853,tense,plain,0.7993929,9.3629234e-05,0.7993929,0.20051353,False
sample_854,plain,plain,0.63458335,9.044364e-05,0.63458335,0.36532623,True
sample_855,plain,plain,0.9387913,5.5199e-05,0.9387913,0.06115351,True
sample_856,plain,plain,0.76532614,8.9783316e-05,0.76532614,0.23458415,True
sample_857,tense,tense,0.99860376,0.0003386103,0.0010576542,0.99860376,True
sample_858,aspirated ,aspirated ,0.9999825,0.9999825,2.4155775e-06,1.5133888e-05,True
sample_859,aspirated ,aspirated ,0.9998872,0.9998872,6.13398e-05,5.1321458e-05,True
sample_860,plain,plain,0.999762,1.2820911e-06,0.999762,0.00023672318,True
sample_861,plain,plain,0.96904254,6.681984e-05,0.96904254,0.030890673,True
sample_862,tense,tense,0.94517535,0.00010727515,0.054717343,0.94517535,True
sample_863,tense,plain,0.93361175,4.1623014e-05,0.93361175,0.066346645,False
sample_864,tense,tense,0.99587965,0.00017093484,0.0039494303,0.99587965,True
sample_865,tense,tense,0.93034,0.00034747142,0.06931256,0.93034,True
sample_866,aspirated ,aspirated ,0.9999529,0.9999529,2.0766781e-06,4.5048928e-05,True
sample_867,plain,plain,0.5067006,0.00018209455,0.5067006,0.4931173,True
sample_868,plain,plain,0.8055282,0.0009999676,0.8055282,0.19347188,True
sample_869,tense,tense,0.99692094,5.2996886e-05,0.003026099,0.99692094,True
sample_870,aspirated ,aspirated ,0.9998894,0.9998894,3.1734712e-06,0.00010745276,True
sample_871,tense,tense,0.998257,0.0009067523,0.0008363006,0.998257,True
sample_872,plain,plain,0.95571667,4.466991e-05,0.95571667,0.044238698,True
sample_873,plain,plain,0.899948,0.00020809453,0.899948,0.099843845,True
sample_874,aspirated ,tense,0.59783536,0.29176,0.11040465,0.59783536,False
sample_875,plain,plain,0.9337188,0.00028246245,0.9337188,0.0659987,True
sample_876,plain,plain,0.99946505,3.5547084e-06,0.99946505,0.00053136697,True
sample_877,plain,plain,0.9991461,9.514258e-06,0.9991461,0.0008442967,True
sample_878,tense,tense,0.9897899,0.009042374,0.0011676647,0.9897899,True
sample_879,plain,plain,0.75467306,0.0003131371,0.75467306,0.24501371,True
sample_880,plain,plain,0.9619051,0.00012065245,0.9619051,0.037974216,True
sample_881,aspirated ,aspirated ,0.99999714,0.99999714,9.574261e-07,1.9033047e-06,True
sample_882,aspirated ,aspirated ,0.99992275,0.99992275,4.0632654e-06,7.3143136e-05,True
sample_883,aspirated ,aspirated ,0.9999759,0.9999759,9.055157e-06,1.4982574e-05,True
sample_884,plain,plain,0.8700079,0.004789065,0.8700079,0.12520309,True
sample_885,tense,tense,0.9992248,0.0004822516,0.00029298713,0.9992248,True
sample_886,plain,plain,0.9994211,1.2841058e-06,0.9994211,0.0005776441,True
sample_887,tense,tense,0.7063564,0.0001812917,0.2934623,0.7063564,True
sample_888,plain,plain,0.9999567,1.0044516e-06,0.9999567,4.2293326e-05,True
sample_889,plain,plain,0.9969951,1.9073203e-05,0.9969951,0.0029859191,True
sample_890,aspirated ,aspirated ,0.99945337,0.99945337,0.00036072428,0.000185814,True
sample_891,plain,plain,0.99991775,1.6992421e-06,0.99991775,8.055963e-05,True
sample_892,tense,tense,0.996807,0.0007570297,0.00243602,0.996807,True
sample_893,aspirated ,aspirated ,0.9983193,0.9983193,0.0015608963,0.00011977614,True
sample_894,plain,plain,0.68709755,0.014996641,0.68709755,0.29790577,True
sample_895,plain,plain,0.9996871,4.616615e-06,0.9996871,0.00030823905,True
sample_896,plain,plain,0.9838757,2.8042483e-05,0.9838757,0.01609629,True
sample_897,tense,tense,0.59537405,0.00015108215,0.40447494,0.59537405,True
sample_898,plain,plain,0.9499809,3.583698e-05,0.9499809,0.04998329,True
sample_899,plain,plain,0.9996045,5.432099e-06,0.9996045,0.00038997704,True
sample_900,plain,plain,0.99972624,4.1292597e-06,0.99972624,0.0002695294,True
sample_901,plain,plain,0.98621655,3.080798e-05,0.98621655,0.013752655,True
sample_902,tense,tense,0.9916741,0.0024041717,0.0059216693,0.9916741,True
sample_903,aspirated ,aspirated ,0.9996092,0.9996092,5.4105076e-06,0.00038544834,True
sample_904,aspirated ,aspirated ,0.99927133,0.99927133,1.4761955e-05,0.00071395666,True
sample_905,plain,plain,0.9994795,3.4039103e-06,0.9994795,0.0005170449,True
sample_906,plain,plain,0.9764032,2.228312e-05,0.9764032,0.023574533,True
sample_907,tense,tense,0.996421,0.0021460976,0.0014329624,0.996421,True
sample_908,aspirated ,aspirated ,0.9964057,0.9964057,6.21464e-05,0.0035321536,True
sample_909,plain,plain,0.9445938,0.0002714724,0.9445938,0.055134658,True
sample_910,aspirated ,aspirated ,0.9996456,0.9996456,1.0455229e-05,0.00034395256,True
sample_911,plain,plain,0.7908013,0.00035917375,0.7908013,0.20883955,True
sample_912,aspirated ,aspirated ,0.9999366,0.9999366,3.7129317e-05,2.6299693e-05,True
sample_913,aspirated ,aspirated ,0.9999347,0.9999347,2.3234135e-05,4.2125062e-05,True
sample_914,plain,plain,0.9779337,6.2456325e-05,0.9779337,0.022003727,True
sample_915,plain,plain,0.99904436,5.763991e-06,0.99904436,0.00094994996,True
sample_916,tense,aspirated ,0.99919313,0.99919313,0.00021948991,0.0005872964,False
sample_917,plain,plain,0.9998715,5.505839e-07,0.9998715,0.0001278511,True
sample_918,tense,tense,0.9699063,0.0064675645,0.023626175,0.9699063,True
sample_919,plain,plain,0.8414567,0.0003385643,0.8414567,0.15820475,True
sample_920,tense,tense,0.98892844,0.0005549393,0.010516612,0.98892844,True
sample_921,aspirated ,aspirated ,0.999967,0.999967,1.1413083e-05,2.1548558e-05,True
sample_922,plain,plain,0.915928,0.00023267878,0.915928,0.08383933,True
sample_923,aspirated ,aspirated ,0.99976903,0.99976903,0.00012632034,0.0001045847,True
sample_924,aspirated ,tense,0.91345996,8.276366e-05,0.08645731,0.91345996,False
sample_925,plain,plain,0.99439776,1.8971317e-05,0.99439776,0.005583295,True
sample_926,tense,plain,0.6684749,0.0002309533,0.6684749,0.33129418,False
sample_927,tense,tense,0.95941603,8.311625e-05,0.04050082,0.95941603,True
sample_928,aspirated ,aspirated ,0.99999404,0.99999404,1.2474677e-06,4.8193774e-06,True
sample_929,tense,plain,0.69973564,0.00062813325,0.69973564,0.29963624,False
sample_930,aspirated ,aspirated ,0.99912673,0.99912673,0.0007974777,7.577779e-05,True
sample_931,tense,tense,0.6994544,0.00014857906,0.30039698,0.6994544,True
sample_932,plain,plain,0.99884194,6.6638845e-06,0.99884194,0.0011513754,True
sample_933,plain,plain,0.9998988,4.7356033e-07,0.9998988,0.000100696474,True
sample_934,plain,plain,0.9998512,2.6347703e-07,0.9998512,0.00014852088,True
sample_935,aspirated ,aspirated ,0.9996934,0.9996934,1.3448232e-05,0.00029312482,True
sample_936,aspirated ,aspirated ,0.9999504,0.9999504,2.5908157e-06,4.698505e-05,True
sample_937,plain,plain,0.9997832,9.756568e-07,0.9997832,0.00021581334,True
sample_938,tense,tense,0.98762953,0.0015837208,0.010786826,0.98762953,True
sample_939,plain,plain,0.81899637,0.00021351465,0.81899637,0.18079008,True
sample_940,tense,plain,0.7787947,0.00012597411,0.7787947,0.22107932,False
sample_941,plain,plain,0.9998172,5.8713995e-06,0.9998172,0.00017701328,True
sample_942,tense,plain,0.88068247,5.670712e-05,0.88068247,0.11926082,False
sample_943,aspirated ,aspirated ,0.9999509,0.9999509,2.2820735e-05,2.6326796e-05,True
sample_944,plain,plain,0.9998068,2.1928756e-06,0.9998068,0.00019105636,True
sample_945,tense,plain,0.57049793,4.469996e-05,0.57049793,0.4294575,False
sample_946,tense,tense,0.9814559,2.0376605e-05,0.018523635,0.9814559,True
sample_947,plain,plain,0.69923544,0.00013351104,0.69923544,0.30063102,True
sample_948,plain,plain,0.9974685,9.178564e-05,0.9974685,0.0024397762,True
sample_949,plain,plain,0.853673,0.13548794,0.853673,0.010839099,True
sample_950,plain,plain,0.990708,2.0708736e-05,0.990708,0.009271374,True
sample_951,tense,tense,0.99128485,0.007103718,0.0016114855,0.99128485,True
sample_952,aspirated ,aspirated ,0.99996984,0.99996984,1.3582446e-05,1.662828e-05,True
sample_953,aspirated ,aspirated ,0.9996648,0.9996648,5.8772494e-06,0.00032937113,True
sample_954,tense,tense,0.99460524,0.0045000035,0.0008947674,0.99460524,True
sample_955,plain,plain,0.9122314,0.000102848186,0.9122314,0.087665774,True
sample_956,aspirated ,aspirated ,0.9998528,0.9998528,8.115986e-07,0.00014630932,True
sample_957,aspirated ,aspirated ,0.9999684,0.9999684,1.24511635e-05,1.9235202e-05,True
sample_958,plain,plain,0.55274534,0.0010747659,0.55274534,0.44617987,True
sample_959,aspirated ,aspirated ,0.99974936,0.99974936,4.2524343e-06,0.00024637175,True
sample_960,plain,tense,0.9501315,0.00025945352,0.049609058,0.9501315,False
sample_961,tense,tense,0.8446451,0.00078535534,0.15456952,0.8446451,True
sample_962,tense,tense,0.57058066,0.0002221519,0.42919725,0.57058066,True
sample_963,plain,plain,0.99988616,7.8653835e-07,0.99988616,0.00011301348,True
sample_964,aspirated ,aspirated ,0.9830099,0.9830099,0.001438907,0.015551257,True
sample_965,tense,tense,0.8454048,0.00019472542,0.15440047,0.8454048,True
sample_966,plain,plain,0.94480544,5.489971e-05,0.94480544,0.055139754,True
sample_967,tense,tense,0.99265987,0.00047084337,0.0068693534,0.99265987,True
sample_968,plain,plain,0.8970766,0.0001692739,0.8970766,0.10275418,True
sample_969,aspirated ,aspirated ,0.99963915,0.99963915,0.00014317283,0.00021770313,True
sample_970,aspirated ,aspirated ,0.99789727,0.99789727,3.114351e-05,0.0020715655,True
sample_971,tense,tense,0.99722916,0.0024085925,0.00036223693,0.99722916,True
sample_972,plain,plain,0.9999416,1.0459497e-06,0.9999416,5.7316927e-05,True
sample_973,aspirated ,aspirated ,0.9999918,0.9999918,3.029474e-06,5.2396163e-06,True
sample_974,tense,tense,0.99803203,0.000779785,0.0011881851,0.99803203,True
sample_975,plain,plain,0.9998362,2.465189e-06,0.9998362,0.000161217,True
sample_976,plain,plain,0.94086176,0.00010784943,0.94086176,0.059030294,True
sample_977,tense,tense,0.9906785,0.00026444104,0.009057071,0.9906785,True
sample_978,plain,tense,0.98862946,0.0018660189,0.009504551,0.98862946,False
sample_979,plain,plain,0.78488845,0.00023798311,0.78488845,0.2148736,True
sample_980,plain,plain,0.9885866,6.0720216e-05,0.9885866,0.011352688,True
sample_981,plain,plain,0.9998605,3.8225076e-06,0.9998605,0.00013559213,True
sample_982,tense,tense,0.99686414,0.0027546515,0.00038118413,0.99686414,True
sample_983,plain,plain,0.97693825,1.6471593e-05,0.97693825,0.02304537,True
sample_984,plain,plain,0.962537,4.3336677e-05,0.962537,0.037419654,True
sample_985,aspirated ,aspirated ,0.99998105,0.99998105,5.943102e-06,1.3046321e-05,True
sample_986,plain,plain,0.999877,1.3698403e-06,0.999877,0.000121715704,True
sample_987,plain,plain,0.9998306,1.4215917e-06,0.9998306,0.00016799175,True
sample_988,tense,tense,0.9967686,0.001974335,0.0012570347,0.9967686,True
sample_989,plain,plain,0.9831881,3.0924934e-05,0.9831881,0.01678099,True
sample_990,plain,plain,0.99641895,3.8635444e-05,0.99641895,0.003542488,True
sample_991,plain,plain,0.99354184,1.753538e-05,0.99354184,0.006440659,True
sample_992,plain,plain,0.9997383,8.739514e-06,0.9997383,0.00025300865,True
sample_993,aspirated ,aspirated ,0.9999776,0.9999776,1.5617432e-05,6.8230884e-06,True
sample_994,aspirated ,aspirated ,0.9948487,0.9948487,0.00034123368,0.004810118,True
sample_995,plain,tense,0.53258413,0.00020910494,0.46720675,0.53258413,False
sample_996,tense,tense,0.9789746,0.00015186386,0.020873563,0.9789746,True
sample_997,aspirated ,aspirated ,0.9999546,0.9999546,1.4999467e-05,3.0425104e-05,True
sample_998,aspirated ,aspirated ,0.90436757,0.90436757,0.0022369951,0.093395375,True
sample_999,aspirated ,aspirated ,0.999908,0.999908,1.0001906e-05,8.19732e-05,True
sample_1000,tense,tense,0.67759514,0.00018998585,0.32221487,0.67759514,True
sample_1001,tense,tense,0.9899941,0.0009535459,0.009052343,0.9899941,True
sample_1002,tense,plain,0.59378695,0.00012989649,0.59378695,0.40608314,False
sample_1003,plain,plain,0.9617745,0.00022820856,0.9617745,0.037997317,True
sample_1004,plain,plain,0.9763417,7.716753e-05,0.9763417,0.023581166,True
sample_1005,plain,plain,0.9965905,3.7272406e-05,0.9965905,0.003372176,True
sample_1006,plain,plain,0.9997924,8.5798507e-07,0.9997924,0.00020675105,True
sample_1007,tense,tense,0.9986243,0.00029636803,0.0010793424,0.9986243,True
sample_1008,plain,plain,0.6595821,0.0003196162,0.6595821,0.34009826,True
sample_1009,plain,plain,0.99985313,2.0819516e-06,0.99985313,0.00014483985,True
sample_1010,tense,tense,0.9505852,0.000118110125,0.04929669,0.9505852,True
sample_1011,plain,tense,0.55894417,0.00013994094,0.44091588,0.55894417,False
sample_1012,plain,tense,0.83435,8.1738224e-05,0.16556832,0.83435,False
sample_1013,aspirated ,aspirated ,0.9999373,0.9999373,2.3212713e-05,3.9471437e-05,True
sample_1014,plain,plain,0.9987274,9.643393e-06,0.9987274,0.0012629413,True
sample_1015,tense,plain,0.79734623,3.4872195e-05,0.79734623,0.20261884,False
sample_1016,aspirated ,aspirated ,0.9999713,0.9999713,3.3214233e-06,2.5334786e-05,True
sample_1017,tense,tense,0.9984432,0.0010651684,0.0004916534,0.9984432,True
sample_1018,tense,tense,0.99890065,0.0008472035,0.00025213673,0.99890065,True
sample_1019,tense,plain,0.71381617,4.2843487e-05,0.71381617,0.28614095,False
sample_1020,plain,plain,0.9994686,1.6679078e-05,0.9994686,0.00051475666,True
sample_1021,plain,plain,0.9874701,0.000100815865,0.9874701,0.0124290865,True
sample_1022,plain,plain,0.9366913,0.0003590942,0.9366913,0.06294958,True
sample_1023,aspirated ,aspirated ,0.9999101,0.9999101,6.93154e-05,2.0495514e-05,True
sample_1024,plain,plain,0.9998104,1.2480138e-05,0.9998104,0.00017711864,True
sample_1025,tense,tense,0.8359584,0.00018214816,0.16385941,0.8359584,True
